Dates,freq_toux,sat_o2,dbt_resp,
1/1/24 0:00,0.409322688,97.30507807,99.29502784,
1/1/24 0:10,0.547039625,97.07689362,81,
1/1/24 0:20,0.394672088,96.91556997,99.21400975,
1/1/24 0:30,0.541308699,96.54506974,99.21656014,
1/1/24 0:40,0.464238531,96.86529864,99.57196515,
1/1/24 0:50,0.501989552,97.79323287,99.42130337,
1/1/24 1:00,0.258554533,98.49510877,99.25884904,
1/1/24 1:10,0.111192516,99.06844715,99.00160187,
1/1/24 1:20,0.364255914,99.00745299,98.85021578,
1/1/24 1:30,0.58954144,98.89777927,98.58332083,
1/1/24 1:40,0.916177254,98.47700451,98.70466911,
1/1/24 1:50,0.767343235,98.4537408,98.72899178,
1/1/24 2:00,0.636414317,97.58471119,99.21089582,
1/1/24 2:10,0.534634377,98.00983361,50,
1/1/24 2:20,0.583279827,96.97152659,99.13576922,
1/1/24 2:30,0.630026264,98.0903911,99.06841248,
1/1/24 2:40,0.443339386,97.82886744,99.20753321,
1/1/24 2:50,0.524710394,98.72368878,99.21924988,
1/1/24 3:00,0.424771998,99.1178569,99.12243537,
1/1/24 3:10,0.444780407,98.25047444,99.2769372,
1/1/24 3:20,0.247389218,98.20092733,99.04685275,
1/1/24 3:30,0.386133805,98.03127236,99.21306276,
1/1/24 3:40,0.585755246,98.76087493,99.52932864,
1/1/24 3:50,0.676529248,98.11170317,99.34150628,
1/1/24 4:00,0.728708068,98.08825489,99.41358662,
1/1/24 4:10,1.1,97,99.0424668,EEE
1/1/24 4:20,1.43,97,99.32192878,
1/1/24 4:30,1.65,97.40559433,98.84486656,
1/1/24 4:40,1.75,96.88426005,98.91566832,
1/1/24 4:50,1.79,98,98.76530879,
1/1/24 5:00,1.85,97.9,98.97366814,
1/1/24 5:10,1.9,97.4,99.14273665,
1/1/24 5:20,2.4,97.1,99.43435261,
1/1/24 5:30,2.7,97.04370403,99.61817626,
1/1/24 5:40,3.1,97.32115407,99.54184804,
1/1/24 5:50,3.7,97.99637593,99.57634453,
1/1/24 6:00,3.9,97.98057265,99.58690429,
1/1/24 6:10,4.2,97.5485898,99.74153126,
1/1/24 6:20,3.8,96.80386647,99.23751777,
1/1/24 6:30,3.5,97.92058898,99.24414994,
1/1/24 6:40,3.3,97.1,98.94826778,
1/1/24 6:50,3.1,97.4,99.44936296,
1/1/24 7:00,3,97.80548198,99.33327379,
1/1/24 7:10,2.5,97.3,99.18369674,
1/1/24 7:20,2.2,97.50998092,99.17865098,
1/1/24 7:30,1.9,97.1,99.21877101,
1/1/24 7:40,1.5,97.22349397,99.16817073,
1/1/24 7:50,1.1,97.24972941,99.1354157,
1/1/24 8:00,0.8,96.75957442,99.2779369,
1/1/24 8:10,0.527469391,97.63325527,99.77217757,
1/1/24 8:20,0.408227039,99.0038224,99.40823997,
1/1/24 8:30,0.333704681,99.46641511,99.3496882,
1/1/24 8:40,0.33791396,99.48050267,99.02167437,
1/1/24 8:50,0.351344858,98.26035439,98.98730508,
1/1/24 9:00,0.548300524,98.29410184,98.83646171,
1/1/24 9:10,0.683720202,96.9561484,98.74211307,
1/1/24 9:20,0.597598865,98.24481908,98.97459542,
1/1/24 9:30,0.45313108,97.30007912,98.75266609,
1/1/24 9:40,0.325018413,97.20801559,98.80244048,
1/1/24 9:50,0.342750145,96.7951322,98.67839654,
1/1/24 10:00,0.539983052,96.97616856,98.66373938,
1/1/24 10:10,0.413452139,97.42355734,98.90097496,
1/1/24 10:20,0.584269144,96.35506081,98.92568411,
1/1/24 10:30,0.591885371,95.7488581,98.95218505,
1/1/24 10:40,0.569435825,96.28433567,98.54423389,
1/1/24 10:50,0.531705399,97.16470588,98.84714078,
1/1/24 11:00,0.391522256,97.15523544,98.78164061,
1/1/24 11:10,0.578664904,96.61789536,98.96045952,
1/1/24 11:20,0.459654807,96.00534266,98.93665765,
1/1/24 11:30,0.510946229,97.12470627,99.39524563,
1/1/24 11:40,0.521263215,97.4077904,99.79686609,
1/1/24 11:50,0.522701318,98.39554,99.17933933,
1/1/24 12:00,0.348720416,98.56199326,98.95347767,
1/1/24 12:10,0.294908693,97.85528967,98.74690527,
1/1/24 12:20,0.345663438,96.96598332,99.23339587,
1/1/24 12:30,0.504291761,97.08475981,99.09273368,
1/1/24 12:40,0.604990099,98.16473531,99.23253574,
1/1/24 12:50,0.542082414,99.20074499,99.15663591,
1/1/24 13:00,0.557499679,98.76053822,99.55847916,
1/1/24 13:10,0.36976177,98.95368128,99.53895949,
1/1/24 13:20,0.496275995,97.7572957,99.47007797,
1/1/24 13:30,0.318534123,98.21524032,99.52091733,
1/1/24 13:40,0.390046251,97.86939453,99.47612862,
1/1/24 13:50,0.369137883,97.705775,99.21461087,
1/1/24 14:00,0.504223758,96.69304125,99.2380397,
1/1/24 14:10,0.388748723,96.28122803,99.36757301,
1/1/24 14:20,0.31800069,97.51090837,99.74325215,
1/1/24 14:30,0.238832195,98.09591528,99.76086569,
1/1/24 14:40,0.366673649,98.95201335,99.50252921,
1/1/24 14:50,0.554129029,98.00440258,99.58119628,
1/1/24 15:00,0.727692898,98.58443047,99.49035422,
1/1/24 15:10,0.705755593,98.67573316,99.21930203,
1/1/24 15:20,0.702419003,98.49612672,98.9102164,
1/1/24 15:30,0.469303822,97.41739063,98.36530473,
1/1/24 15:40,0.356850455,97.21081996,98.89685924,
1/1/24 15:50,0.18435347,98.19631373,99.11810125,
1/1/24 16:00,0.262947162,98.00890344,99.34907948,
1/1/24 16:10,0.340519609,97.41994092,99.31134689,
1/1/24 16:20,0.532122023,97.43862736,99.00871737,
1/1/24 16:30,0.422740034,97.15349938,99.3758706,
1/1/24 16:40,0.498425557,96.45027913,99.23853369,
1/1/24 16:50,0.475919131,96.02791697,99.1515978,
1/1/24 17:00,0.654267164,97.43325665,98.91411576,
1/1/24 17:10,0.559435864,97.93414162,98.79187033,
1/1/24 17:20,0.5066613,97.62266948,98.78905284,
1/1/24 17:30,0.39798004,97.10972101,98.78956994,
1/1/24 17:40,0.472720362,97.90272168,98.97201879,
1/1/24 17:50,0.333209631,98.41716787,99.02660548,
1/1/24 18:00,0.330683494,97.93420714,98.72155428,
1/1/24 18:10,0.423848465,97.04045079,98.79637994,
1/1/24 18:20,0.620291811,96.02752343,98.88376196,
1/1/24 18:30,0.565724797,96.47137178,98.94107859,
1/1/24 18:40,0.366684971,97.22853623,98.76632152,
1/1/24 18:50,0.272432514,98.76683382,98.64175395,
1/1/24 19:00,0.528861463,98.39773286,99.00174809,
1/1/24 19:10,0.502097164,98.34354485,99.20372423,
1/1/24 19:20,0.598846287,97.54977425,99.55871107,
1/1/24 19:30,0.401076238,98.5887414,99.45375287,
1/1/24 19:40,0.577950269,98.88380606,98.87118148,
1/1/24 19:50,0.578301855,99.58875003,98.53333845,
1/1/24 20:00,0.575996676,99.21493911,98.6818594,
1/1/24 20:10,0.608831668,97.97552531,98.81186666,
1/1/24 20:20,0.644019341,96.89046807,99.27427102,
1/1/24 20:30,0.69101326,96.71922079,99.03828535,
1/1/24 20:40,0.750091211,97.36705712,98.93415608,
1/1/24 20:50,0.52656758,97.6628497,98.92228073,
1/1/24 21:00,0.634755428,96.6019334,98.71123232,
1/1/24 21:10,0.560894415,96.13401408,99.20498785,
1/1/24 21:20,0.790684611,95.80708763,99.16320684,
1/1/24 21:30,0.85838081,96.69061373,99.68568463,
1/1/24 21:40,0.796719307,97.90500942,99.74127182,
1/1/24 21:50,0.685293751,98.82490295,99.23243555,
1/1/24 22:00,0.401535703,99.54938815,99.2559277,
1/1/24 22:10,0.562243658,99.34746541,99.23450781,
1/1/24 22:20,0.6445103,98.05227157,99.62637002,
1/1/24 22:30,0.69459411,97.26755895,99.6466262,
1/1/24 22:40,0.638998755,96.80950968,99.07480215,
1/1/24 22:50,0.357389458,97.41361877,99.1574619,
1/1/24 23:00,0.543538584,97.90541875,99.0839992,
1/1/24 23:10,0.341659209,97.69433566,99.56216987,
1/1/24 23:20,0.543783393,97.05918046,99.20116713,
1/1/24 23:30,0.422658711,95.87968765,98.65199899,
1/1/24 23:40,0.360445381,96.33466733,98.7817407,
1/1/24 23:50,0.38713243,96.93275726,98.91579737,
1/2/24 0:00,0.544295714,97.19371355,99.37749137,
1/2/24 0:10,0.720379342,97.38652562,99.07248085,
1/2/24 0:20,0.553269083,96.93028742,98.93299523,
1/2/24 0:30,0.339978599,97.39918162,98.47895921,
1/2/24 0:40,0.332025448,96.61107473,98.67647501,
1/2/24 0:50,0.321916872,97.88469517,99.04754458,
1/2/24 1:00,0.333622975,98.4490217,99.22441405,
1/2/24 1:10,0.297149127,97.96711855,98.84660626,
1/2/24 1:20,0.302478292,97.86462078,98.81903535,
1/2/24 1:30,0.208368285,96.43570364,99.00333673,
1/2/24 1:40,0.102811476,97.16297626,99.30217908,
1/2/24 1:50,0.201264151,96.70436222,99.12825762,
1/2/24 2:00,0.263833406,96.98601556,99.17818932,
1/2/24 2:10,0.351697492,96.98874043,99.39488851,
1/2/24 2:20,0.452234433,96.72720451,99.71107391,
1/2/24 2:30,0.53738758,98.04706229,99.41133259,
1/2/24 2:40,0.723348106,97.25392497,98.87885341,
1/2/24 2:50,0.536753461,97.46283346,98.76227547,
1/2/24 3:00,0.507659755,96.71633758,99.1676874,
1/2/24 3:10,0.526823984,97.79648663,99.45165616,
1/2/24 3:20,0.511544506,97.41887695,99.00770649,
1/2/24 3:30,0.505672553,97.46972827,98.65939562,
1/2/24 3:40,0.480573445,97.46605092,98.5655302,
1/2/24 3:50,0.73180063,98.05903452,99.10207956,
1/2/24 4:00,0.683400366,97.36672625,99.2535461,
1/2/24 4:10,0.46437084,97.4262056,99.25699223,
1/2/24 4:20,0.19731234,97.10577914,98.94193679,
1/2/24 4:30,0.240982946,96.93331177,99.15405866,
1/2/24 4:40,0.223722639,96.73534816,99.48828323,
1/2/24 4:50,0.413128956,96.5698135,99.49852646,
1/2/24 5:00,0.418357321,96.77048549,99.39707442,
1/2/24 5:10,0.635721831,96.44171815,99.32248028,
1/2/24 5:20,0.447034686,95.95381116,99.49625139,
1/2/24 5:30,0.562717272,96.5958732,99.57541817,
1/2/24 5:40,0.61357881,96.95430753,99.64253143,
1/2/24 5:50,0.828589309,96.89027886,99.57736528,
1/2/24 6:00,0.747120405,96.98854285,99.04159317,
1/2/24 6:10,0.620273269,96.74703478,99.02069946,
1/2/24 6:20,0.615695376,96.7931617,98.8616654,
1/2/24 6:30,0.695003696,95.82201617,99.02235079,
1/2/24 6:40,0.725139856,95.42382347,98.9361212,
1/2/24 6:50,0.620548026,96.8193476,99.26209968,
1/2/24 7:00,0.521271909,97.13074318,99.18018371,
1/2/24 7:10,0.292726891,98.37857989,98.92997579,
1/2/24 7:20,0.285750308,97.08372105,98.60675142,
1/2/24 7:30,0.478600244,96.77216747,98.74369249,
1/2/24 7:40,0.768519021,96.2103663,98.92574913,
1/2/24 7:50,0.883206504,96.31883078,99.25489489,
1/2/24 8:00,0.831623424,97.63686921,99.3408291,
1/2/24 8:10,0.544018177,97.80018024,99.45901774,
1/2/24 8:20,0.449538961,98.43941424,99.07309375,
1/2/24 8:30,0.27353621,98.61383725,99.34523764,
1/2/24 8:40,0.296070633,98.22852923,99.27136388,
1/2/24 8:50,0.241761655,98.01406157,99.44042799,
1/2/24 9:00,0.373747186,97.36329409,99.2557931,
1/2/24 9:10,0.673162676,96.69112744,98.93838593,
1/2/24 9:20,0.778840407,97.24388984,98.84117354,
1/2/24 9:30,0.85004132,96.91571595,98.81398965,
1/2/24 9:40,0.830553334,97.52508146,98.88751524,
1/2/24 9:50,0.834392611,96.82816948,99.18181307,
1/2/24 10:00,0.596075142,97.8915345,99.04504221,
1/2/24 10:10,0.483542671,97.77273579,98.78222926,
1/2/24 10:20,0.370450515,98.76402456,98.80238325,
1/2/24 10:30,0.619170125,98.54963472,98.66129929,
1/2/24 10:40,0.741443786,99.52122812,98.71260978,
1/2/24 10:50,0.867823729,99.18080264,98.21041672,
1/2/24 11:00,0.586003789,99.18337052,98.41724077,
1/2/24 11:10,0.435060203,98.88413449,98.61566072,
1/2/24 11:20,0.21544431,97.98865118,99.1479039,
1/2/24 11:30,0.417582309,96.72212504,98.86816,
1/2/24 11:40,0.563343106,95.58228833,99.27443432,
1/2/24 11:50,0.611349222,95.29679941,99.05185451,
1/2/24 12:00,0.686488836,95.44615185,99.26550057,
1/2/24 12:10,0.556795075,95.4034619,98.80152524,
1/2/24 12:20,0.707827434,95.56704762,99.02189855,
1/2/24 12:30,0.725764962,96.51959911,99.14283263,
1/2/24 12:40,0.864487477,97.52154546,99.40336137,
1/2/24 12:50,0.835807435,98.01040746,99.04842333,
1/2/24 13:00,0.720358754,97.01721491,98.87917019,
1/2/24 13:10,0.431823129,96.57967661,98.76602481,
1/2/24 13:20,0.544854218,97.01409516,99.04119626,
1/2/24 13:30,0.361766419,97.16694422,99.04748102,
1/2/24 13:40,0.454490162,96.55700538,99.26080158,
1/2/24 13:50,0.406543197,96.78549214,98.77294475,
1/2/24 14:00,0.506158043,97.74677553,98.64859673,
1/2/24 14:10,0.632294427,98.0179294,98.22766724,
1/2/24 14:20,0.394772115,96.84205539,98.59063744,
1/2/24 14:30,0.461923185,96.01316482,98.72504158,
1/2/24 14:40,0.308510877,96.52212087,98.67533047,
1/2/24 14:50,0.574895465,96.51983762,98.43895319,
1/2/24 15:00,0.646525856,96.86450221,98.72530852,
1/2/24 15:10,0.578189317,97.09124794,98.77153979,
1/2/24 15:20,0.535348124,98.57777081,98.67675513,
1/2/24 15:30,0.504721376,98.25691647,98.74798013,
1/2/24 15:40,0.719805341,98.38496529,98.87669348,
1/2/24 15:50,0.723718164,97.62543644,98.93662542,
1/2/24 16:00,0.521770019,97.18398686,98.38853617,
1/2/24 16:10,0.293523817,97.23785626,98.65238258,
1/2/24 16:20,0.169306414,97.14425212,98.60376369,
1/2/24 16:30,0.285031584,98.66626765,98.98393082,
1/2/24 16:40,0.533879018,97.88831144,98.88179332,
1/2/24 16:50,0.566874185,98.32493942,99.34384008,
1/2/24 17:00,0.707869176,96.88249623,99.0445578,
1/2/24 17:10,0.504389495,97.14344229,99.22980274,
1/2/24 17:20,0.421117336,96.03765364,98.73445204,
1/2/24 17:30,0.151152848,96.74392242,99.16858232,
1/2/24 17:40,0.199660457,97.50702611,98.69775319,
1/2/24 17:50,0.205083002,98.34107505,99.14909514,
1/2/24 18:00,0.512809257,98.69426935,98.94194252,
1/2/24 18:10,0.604487827,98.68249801,99.20090508,
1/2/24 18:20,0.614057928,98.39304603,98.77996328,
1/2/24 18:30,0.449991983,97.69896927,98.60162442,
1/2/24 18:40,0.536736651,97.84683284,98.76584592,
1/2/24 18:50,0.642828163,98.08070849,98.81390236,
1/2/24 19:00,0.613444645,97.67365205,99.31201533,
1/2/24 19:10,0.346532553,97.2900539,98.80101352,
1/2/24 19:20,0.423284926,96.44207958,99.23132873,
1/2/24 19:30,0.471323829,97.79031934,98.81082484,
1/2/24 19:40,0.629775378,97.86551625,99.18986287,
1/2/24 19:50,0.528866586,99.13632305,98.7512127,
1/2/24 20:00,0.412002715,99.02780662,98.56134353,
1/2/24 20:10,0.532666772,98.58829158,98.55957585,
1/2/24 20:20,0.604878795,97.29875888,98.61412418,
1/2/24 20:30,0.627480811,96.92090394,98.80395743,
1/2/24 20:40,0.628158443,97.68316704,98.54962446,
1/2/24 20:50,0.5885626,97.69892135,98.68122085,
1/2/24 21:00,0.586576776,98.33361592,98.83555946,
1/2/24 21:10,0.560831068,97.66624097,99.21167198,
1/2/24 21:20,0.388789765,98.45777262,98.93278549,
1/2/24 21:30,0.602191634,98.31357851,99.03995259,
1/2/24 21:40,0.590818345,97.64396023,98.67625122,
1/2/24 21:50,0.835966242,98.05779083,98.86018561,
1/2/24 22:00,0.724286192,97.46820231,98.46961198,
1/2/24 22:10,0.751833216,98.01864232,98.55737908,
1/2/24 22:20,0.504278208,96.88503897,98.61806904,
1/2/24 22:30,0.330344541,96.13740907,99.12223261,
1/2/24 22:40,0.338258756,96.34330251,99.11136087,
1/2/24 22:50,0.43422468,97.28205712,99.23914994,
1/2/24 23:00,0.423414879,97.47634818,98.68854429,
1/2/24 23:10,0.267093647,97.21129527,98.83296267,
1/2/24 23:20,0.361719539,97.35448489,98.81309323,
1/2/24 23:30,0.649165538,98.63436887,99.18739449,
1/2/24 23:40,0.681133092,98.10935793,99.11627643,
1/2/24 23:50,0.586186681,98.16047767,98.81889153,
1/3/24 0:00,0.342100929,97.36735329,98.63427114,
1/3/24 0:10,0.290655454,97.78394991,98.66944146,
1/3/24 0:20,0.225347167,96.69798508,98.76630582,
1/3/24 0:30,0.498346176,96.38553945,99.0183745,
1/3/24 0:40,0.564155182,97.05294115,98.84954737,
1/3/24 0:50,0.57688014,97.22967384,98.91807875,
1/3/24 1:00,0.277588653,97.889569,98.55407509,
1/3/24 1:10,0.234212696,96.7687728,98.99839146,
1/3/24 1:20,0.209400117,96.57669669,99.20370796,
1/3/24 1:30,0.500023202,95.55880317,99.67351843,
1/3/24 1:40,0.629596991,96.56938722,99.25212727,
1/3/24 1:50,0.675089723,96.7987054,99.26388374,
1/3/24 2:00,0.661560644,96.69847343,99.07468705,
1/3/24 2:10,0.694663345,96.95813667,99.31878357,
1/3/24 2:20,0.932203957,97.31066991,99.47005293,
1/3/24 2:30,0.893397851,98.16298832,99.10095753,
1/3/24 2:40,0.795770592,96.89696708,99.1898751,
1/3/24 2:50,0.54488211,97.34769843,99.10522918,
1/3/24 3:00,0.491608561,97.50299394,99.07402186,
1/3/24 3:10,0.59533598,97.53029335,98.87959294,
1/3/24 3:20,0.774366613,96.987281,98.40095147,
1/3/24 3:30,0.580459905,97.2421545,98.59825901,
1/3/24 3:40,0.463837754,97.50977435,98.78795395,
1/3/24 3:50,0.434701404,98.3816532,99.04088394,
1/3/24 4:00,0.715829144,97.99261555,99.07816832,
1/3/24 4:10,0.51458418,97.836737,98.95465029,
1/3/24 4:20,0.469634392,96.84261359,99.0154754,
1/3/24 4:30,0.482345298,95.92633662,99.37622613,
1/3/24 4:40,0.675771724,96.17604422,99.20402194,
1/3/24 4:50,0.539904692,95.99273563,99.19581041,
1/3/24 5:00,0.489467644,96.65472104,98.64461526,
1/3/24 5:10,0.530949351,96.6183407,98.42744622,
1/3/24 5:20,0.609893611,96.49643061,98.2594243,
1/3/24 5:30,0.690681624,97.17005838,98.77125914,
1/3/24 5:40,0.586792224,96.84566763,99.07539779,
1/3/24 5:50,0.624004825,96.72061023,99.4999821,
1/3/24 6:00,0.545680661,97.01019581,98.93825691,
1/3/24 6:10,0.673087302,97.77265493,98.70027671,
1/3/24 6:20,0.580475,97.71323808,98.76987231,
1/3/24 6:30,0.65227253,96.78813826,99.223067,
1/3/24 6:40,0.651520112,96.61604552,99.65486566,
1/3/24 6:50,0.769719932,96.76956357,99.16698364,
1/3/24 7:00,0.616301926,97.11654314,98.97543803,
1/3/24 7:10,0.65653535,97.54287668,98.94894922,
1/3/24 7:20,0.579294803,98.2367506,98.83931062,
1/3/24 7:30,0.456147166,98.12709168,98.85641588,
1/3/24 7:40,0.165910033,98.25282289,98.84557692,
1/3/24 7:50,0.292694511,98.20755076,98.90313642,
1/3/24 8:00,0.290836155,98.01875311,98.89369026,
1/3/24 8:10,0.296859651,96.85213659,98.81369654,
1/3/24 8:20,0.102233895,97.67684563,98.82065843,
1/3/24 8:30,0.094391351,98.44962058,99.12420664,
1/3/24 8:40,0.250450976,98.45934417,99.27578208,
1/3/24 8:50,0.257599694,97.03337996,99.79761715,
1/3/24 9:00,0.394083817,96.58571515,99.24692995,
1/3/24 9:10,0.373743867,96.47463794,98.6912858,
1/3/24 9:20,0.506287192,96.55249183,98.07867976,
1/3/24 9:30,0.339222403,96.57662574,98.14780916,
1/3/24 9:40,0.204644463,97.06106195,98.54886149,
1/3/24 9:50,0.239715825,98.03765151,99.03164932,
1/3/24 10:00,0.341297472,97.23756826,99.09320307,
1/3/24 10:10,0.534531441,97.48989886,99.02252277,
1/3/24 10:20,0.645441165,96.6136386,98.55445199,
1/3/24 10:30,0.545839158,97.70595968,98.61030321,
1/3/24 10:40,0.583694909,98.44395599,98.60776092,
1/3/24 10:50,0.341040603,99.65203871,98.57307038,
1/3/24 11:00,0.59615347,99.10851366,98.99746767,
1/3/24 11:10,0.623610747,97.60475548,98.97771426,
1/3/24 11:20,0.673504507,97.30422839,99.09364201,
1/3/24 11:30,0.551484804,96.93274671,98.79237791,
1/3/24 11:40,0.46416329,96.93200855,98.59185845,
1/3/24 11:50,0.644420668,97.18500661,98.54616664,
1/3/24 12:00,0.822645752,97.50184325,98.33924688,
1/3/24 12:10,0.649819861,98.04115475,98.83358733,
1/3/24 12:20,0.449617517,96.89636136,99.00202479,
1/3/24 12:30,0.412763681,96.41398141,99.07926124,
1/3/24 12:40,0.554301135,97.38955856,99.10465938,
1/3/24 12:50,0.74898783,98.15149683,99.13838094,
1/3/24 13:00,0.530760446,99.44872243,99.08674056,
1/3/24 13:10,0.690667848,99.05598652,98.81260339,
1/3/24 13:20,0.420698964,97.98024339,98.83128614,
1/3/24 13:30,0.605173563,97.40232565,99.29561965,
1/3/24 13:40,0.406520735,96.17026364,99.34492997,
1/3/24 13:50,0.699890574,97.570509,99.60545683,
1/3/24 14:00,0.764355961,97.57578906,99.4753359,
1/3/24 14:10,0.879460282,98.53420842,99.5849507,
1/3/24 14:20,0.60711521,97.54165533,99.49029545,
1/3/24 14:30,0.308553832,97.66634492,99.05477664,
1/3/24 14:40,0.140047601,97.51755592,98.88445173,
1/3/24 14:50,0.366005041,98.22819397,98.75224951,
1/3/24 15:00,0.639026962,97.92421472,98.7168322,
1/3/24 15:10,0.803291098,97.32260716,98.58433254,
1/3/24 15:20,0.526376491,97.00382318,98.40279189,
1/3/24 15:30,0.326824706,96.5474554,98.77116766,
1/3/24 15:40,0.4217911,97.41784072,98.98423637,
1/3/24 15:50,0.7395173,96.71090119,99.07893573,
1/3/24 16:00,0.890143654,96.51402032,99.14708415,
1/3/24 16:10,0.634517887,96.33362763,99.06266942,
1/3/24 16:20,0.458392776,96.65696252,99.35034794,
1/3/24 16:30,0.276597769,97.61472016,99.3813833,
1/3/24 16:40,0.212031235,97.83173488,99.65637854,
1/3/24 16:50,0.137501957,98.33509946,99.39303936,
1/3/24 17:00,0.128987838,97.28475796,99.37158092,
1/3/24 17:10,0.403797048,97.27986486,99.23988452,
1/3/24 17:20,0.599265343,97.03879299,99.18342533,
1/3/24 17:30,0.699504856,97.30299169,99.11093548,
1/3/24 17:40,0.555941888,96.24817213,99.19683317,
1/3/24 17:50,0.347930575,97.11066248,99.63036593,
1/3/24 18:00,0.501089807,98.16467434,99.48544242,
1/3/24 18:10,0.509191604,99.05303627,99.4428198,
1/3/24 18:20,0.706584579,98.1765546,99.31090932,
1/3/24 18:30,0.438369967,98.31109127,99.45272812,
1/3/24 18:40,0.342620008,97.65560288,99.31693201,
1/3/24 18:50,0.346577033,97.32182091,98.81871909,
1/3/24 19:00,0.421240878,96.98621691,98.44959403,
1/3/24 19:10,0.515184039,97.88521339,98.3548972,
1/3/24 19:20,0.274616861,98.72738047,98.54220023,
1/3/24 19:30,0.217576488,98.00415876,98.54686351,
1/3/24 19:40,0.323767125,97.65829723,98.56598869,
1/3/24 19:50,0.568508998,96.92853601,98.41502368,
1/3/24 20:00,0.760974596,97.94013942,98.54229575,
1/3/24 20:10,0.773108352,97.90322491,98.37562312,
1/3/24 20:20,0.636383193,98.12913137,98.66143803,
1/3/24 20:30,0.644070456,97.75575089,98.56067557,
1/3/24 20:40,0.69557688,98.15622519,98.76381908,
1/3/24 20:50,0.790071183,97.63760774,99.0452905,
1/3/24 21:00,0.782464118,97.96507955,99.22623773,
1/3/24 21:10,0.671928263,98.04331593,99.24453598,
1/3/24 21:20,0.706997747,97.942768,99.08998948,
1/3/24 21:30,0.753226584,97.04850568,99.30872399,
1/3/24 21:40,0.810517188,96.74573277,99.04302505,
1/3/24 21:50,0.826892913,97.24446379,98.59947971,
1/3/24 22:00,0.842368395,97.72930038,98.42271838,
1/3/24 22:10,0.739038968,97.58865337,98.6963049,
1/3/24 22:20,0.64648987,98.00325124,98.81350618,
1/3/24 22:30,0.52554687,97.58092933,98.84931004,
1/3/24 22:40,0.689723851,98.05772559,98.63718084,
1/3/24 22:50,0.739023335,98.14044695,98.59506586,
1/3/24 23:00,0.623058029,97.55167195,98.48892437,
1/3/24 23:10,0.551265843,96.82965565,98.47830568,
1/3/24 23:20,0.634157584,95.90524926,98.79010903,
1/3/24 23:30,0.859154467,96.65814626,99.11849799,
1/3/24 23:40,0.741385048,96.34783431,99.49319697,
1/3/24 23:50,0.453061731,96.25816594,99.18830776,
1/4/24 0:00,0.265657663,95.79911909,98.80714139,
1/4/24 0:10,0.154829183,95.94353648,98.79093916,
1/4/24 0:20,0.288376572,95.84774026,99.25136698,
1/4/24 0:30,0.496526457,96.01052434,99.71949519,
1/4/24 0:40,0.48201225,96.68858746,99.78644531,
1/4/24 0:50,0.351956844,97.97037053,99.31347154,
1/4/24 1:00,0.267303431,98.62187722,99.16295228,
1/4/24 1:10,0.513510351,98.12725796,98.93880669,
1/4/24 1:20,0.654564009,97.52737982,99.17370245,
1/4/24 1:30,0.742242535,97.39349306,98.99997788,
1/4/24 1:40,0.610531656,98.12088012,99.19032555,
1/4/24 1:50,0.445458589,97.91639894,99.31615076,
1/4/24 2:00,0.238225512,97.85964196,99.14174166,
1/4/24 2:10,0.383895185,97.42595257,98.96314983,
1/4/24 2:20,0.661745107,97.34463426,98.80717279,
1/4/24 2:30,0.747300213,97.07757466,99.25204328,
1/4/24 2:40,0.699451082,96.26763301,99.19508488,
1/4/24 2:50,0.418402467,96.99440752,99.32616272,
1/4/24 3:00,0.467841381,97.4113802,99.11296664,
1/4/24 3:10,0.513546776,98.56098082,99.34373624,
1/4/24 3:20,0.780482469,98.75272349,99.15791678,
1/4/24 3:30,0.756794611,98.28313235,99.37350644,
1/4/24 3:40,0.655179056,98.25724781,99.41035704,
1/4/24 3:50,0.581575198,97.58314483,99.59970722,
1/4/24 4:00,0.642463596,97.89512675,99.34340118,
1/4/24 4:10,0.729665908,98.29352052,99.40920329,
1/4/24 4:20,0.535273877,98.65583191,99.38022144,
1/4/24 4:30,0.422649891,98.28288643,99.22205071,
1/4/24 4:40,0.465312965,97.46261755,98.94855076,
1/4/24 4:50,0.498609061,96.67346296,98.83838318,
1/4/24 5:00,0.546737472,96.3217664,99.10273689,
1/4/24 5:10,0.541128704,96.5418305,98.8416487,
1/4/24 5:20,0.688248989,97.58991901,98.74275222,
1/4/24 5:30,0.569251513,98.05085371,98.65626505,
1/4/24 5:40,0.42773032,98.60442394,98.96978168,
1/4/24 5:50,0.529687479,97.96628824,99.32195231,
1/4/24 6:00,0.49396628,97.74678284,99.48336921,
1/4/24 6:10,0.496793814,96.80393699,99.39290177,
1/4/24 6:20,0.257655829,96.79539553,99.04241733,
1/4/24 6:30,0.455640906,96.54045378,98.72310472,
1/4/24 6:40,0.593418835,97.08713112,98.97836344,
1/4/24 6:50,0.741355708,96.95654196,99.19630013,
1/4/24 7:00,0.58790521,96.92055807,99.39175111,
1/4/24 7:10,0.530092546,95.87843864,99.39239254,
1/4/24 7:20,0.559624239,95.46113492,99.08250719,
1/4/24 7:30,0.77116334,95.57179754,99.2223296,
1/4/24 7:40,0.753734812,96.09501154,99.13672864,
1/4/24 7:50,0.806724474,96.05033225,99.25224008,
1/4/24 8:00,0.496646083,97.23872252,99.00600578,
1/4/24 8:10,0.527309854,97.52729824,98.90133292,
1/4/24 8:20,0.475594789,98.91600717,99.14961656,
1/4/24 8:30,0.753958577,98.3355634,99.29180903,
1/4/24 8:40,0.847853458,97.77297413,99.53786719,
1/4/24 8:50,0.71482304,97.83288537,99.63316707,
1/4/24 9:00,0.535310292,97.13934788,99.26340479,
1/4/24 9:10,0.430838469,96.87073595,99.05384081,
1/4/24 9:20,0.562022048,96.5817746,98.86429543,
1/4/24 9:30,0.464303634,97.97241252,99.40480657,
1/4/24 9:40,0.545865879,99.32494743,99.33496341,
1/4/24 9:50,0.523226891,99.72837479,99.28857948,
1/4/24 10:00,0.672192032,98.93187457,98.76167258,
1/4/24 10:10,0.519111209,97.55038452,99.01521919,
1/4/24 10:20,0.526221411,95.95338616,99.19112727,
1/4/24 10:30,0.522854614,96.30318473,99.36111052,
1/4/24 10:40,0.439394004,97.53674155,98.9898279,
1/4/24 10:50,0.555958515,98.43370581,98.90568365,
1/4/24 11:00,0.700275456,97.91138613,99.30164696,
1/4/24 11:10,0.926442463,98.12259632,99.52491173,
1/4/24 11:20,0.836613635,98.5617892,99.37787051,
1/4/24 11:30,0.697503042,98.15514531,99.04085936,
1/4/24 11:40,0.47101103,97.86110319,98.61714258,
1/4/24 11:50,0.437866034,97.87854852,98.9601445,
1/4/24 12:00,0.479525909,98.04564063,99.0986526,
1/4/24 12:10,0.527361566,98.28000051,99.16346908,
1/4/24 12:20,0.464255972,97.71911227,99.11311076,
1/4/24 12:30,0.461673329,98.75659816,99.03699083,
1/4/24 12:40,0.460383183,97.73340951,99.31010976,
1/4/24 12:50,0.467131765,97.38540568,98.87278027,
1/4/24 13:00,0.479950171,96.94489524,98.56464524,
1/4/24 13:10,0.613168406,97.5133603,98.50556359,
1/4/24 13:20,0.693730905,97.05510151,98.72239264,
1/4/24 13:30,0.771460484,96.78664774,99.00745917,
1/4/24 13:40,0.743831157,96.40994968,98.98912092,
1/4/24 13:50,0.70897667,96.80077143,99.09251356,
1/4/24 14:00,0.455294017,96.27588271,99.27296933,
1/4/24 14:10,0.491878139,96.63821738,99.2543819,
1/4/24 14:20,0.359007377,97.62656794,99.09228373,
1/4/24 14:30,0.628868974,97.81563803,98.73356785,
1/4/24 14:40,0.58750698,97.89722235,98.76610448,
1/4/24 14:50,0.543989065,96.56274996,98.49651227,
1/4/24 15:00,0.416909372,97.60163894,98.38480539,
1/4/24 15:10,0.425478571,96.61215477,98.10149806,
1/4/24 15:20,0.510011354,98.02581077,98.69111722,
1/4/24 15:30,0.328274441,98.15030968,99.21075354,
1/4/24 15:40,0.255830585,99.51744845,99.18721062,
1/4/24 15:50,0.313509131,99.48603572,98.95040837,
1/4/24 16:00,0.624843505,99.35995874,98.62825856,
1/4/24 16:10,0.593206548,98.94060123,98.84694316,
1/4/24 16:20,0.732866667,98.4217556,99.0115987,
1/4/24 16:30,0.735817105,97.45229964,98.91787227,
1/4/24 16:40,0.928561617,97.35713863,98.99236861,
1/4/24 16:50,0.875886004,97.17671679,98.69840446,
1/4/24 17:00,0.704168046,96.83842035,98.95192296,
1/4/24 17:10,0.492040047,96.78843566,99.0340889,
1/4/24 17:20,0.573953172,97.30814345,98.84853417,
1/4/24 17:30,0.5793807,98.11667058,98.67904943,
1/4/24 17:40,0.735134236,97.62761154,98.45557483,
1/4/24 17:50,0.568412017,97.90839329,98.75487355,
1/4/24 18:00,0.742228042,97.4857041,98.88357546,
1/4/24 18:10,0.809349391,98.54000137,98.96342762,
1/4/24 18:20,0.686100165,97.04147114,98.93589052,
1/4/24 18:30,0.427190261,96.76691672,99.20747824,
1/4/24 18:40,0.11479257,96.23103337,99.58095663,
1/4/24 18:50,0.267064082,96.53334608,99.59142576,
1/4/24 19:00,0.220215848,96.95415637,99.28957891,
1/4/24 19:10,0.451014595,96.95473176,98.77094179,
1/4/24 19:20,0.328226494,97.87368762,99.0539847,
1/4/24 19:30,0.529563984,98.49061957,98.76794446,
1/4/24 19:40,0.405186162,99.18905401,99.22781292,
1/4/24 19:50,0.567745977,98.38674344,99.11760551,
1/4/24 20:00,0.506982313,97.43363869,99.71162833,
1/4/24 20:10,0.696545853,96.61636581,99.30473133,
1/4/24 20:20,0.757221139,97.01611303,98.78925172,
1/4/24 20:30,0.622476278,96.8589677,98.42869402,
1/4/24 20:40,0.365247602,96.7456965,98.57785844,
1/4/24 20:50,0.408644441,96.07810554,98.6248366,
1/4/24 21:00,0.537361247,96.35269485,98.77214183,
1/4/24 21:10,0.735149221,95.68359388,99.07170995,
1/4/24 21:20,0.731685437,96.37509999,99.66840555,
1/4/24 21:30,0.601657268,96.30123243,99.74428295,
1/4/24 21:40,0.640205574,96.38870066,99.77520088,
1/4/24 21:50,0.338466857,97.0510016,99.20836295,
1/4/24 22:00,0.610459221,97.95319949,99.1059366,
1/4/24 22:10,0.362099414,98.35963129,98.58553198,
1/4/24 22:20,0.338387787,97.0578178,99.05746321,
1/4/24 22:30,0.301103254,97.24401235,98.80357158,
1/4/24 22:40,0.29223539,98.36693456,99.2890751,
1/4/24 22:50,0.506843962,98.88223221,99.25429259,
1/4/24 23:00,0.464960972,98.64438387,99.18649935,
1/4/24 23:10,0.687798747,98.28904469,99.22674915,
1/4/24 23:20,0.781670022,98.13760392,99.33210208,
1/4/24 23:30,0.897270531,98.15816234,99.76300713,
1/4/24 23:40,0.92035271,98.18300033,99.34431759,
1/4/24 23:50,0.728821452,98.59544176,99.08709114,
1/5/24 0:00,0.51725146,98.43877651,99.17073087,
1/5/24 0:10,0.269908998,97.99621717,99.53359026,
1/5/24 0:20,0.363992754,98.5287736,99.63769567,
1/5/24 0:30,0.350015635,98.12118375,99.68787205,
1/5/24 0:40,0.545371645,98.62170483,99.43288472,
1/5/24 0:50,0.623705618,97.22935072,99.61755293,
1/5/24 1:00,0.543808979,97.58566901,99.45712999,
1/5/24 1:10,0.448565878,96.48184733,99.27988869,
1/5/24 1:20,0.227070553,96.37499032,99.06609971,
1/5/24 1:30,0.450666944,96.2875099,99.22410165,
1/5/24 1:40,0.643928113,96.65171131,99.25675188,
1/5/24 1:50,0.810589148,96.83185355,99.35957807,
1/5/24 2:00,0.800427525,96.59038716,98.98327291,
1/5/24 2:10,0.689145475,97.16916953,98.87816251,
1/5/24 2:20,0.452651134,98.50543897,98.46382896,
1/5/24 2:30,0.433048682,98.45835821,98.62699666,
1/5/24 2:40,0.363839776,98.61131794,98.75757139,
1/5/24 2:50,0.592602257,97.29865642,98.8928215,
1/5/24 3:00,0.491741768,98.10607644,98.90048529,
1/5/24 3:10,0.375150675,98.15727687,98.74382167,
1/5/24 3:20,0.376018625,98.86344568,98.89764181,
1/5/24 3:30,0.350683523,98.57624082,98.85958406,
1/5/24 3:40,0.394847118,97.6468436,99.10977394,
1/5/24 3:50,0.197456148,97.92060379,98.78148123,
1/5/24 4:00,0.298804291,98.23043139,99.05277795,
1/5/24 4:10,0.455215399,98.20917337,98.9410934,
1/5/24 4:20,0.714275594,97.07234354,99.45113006,
1/5/24 4:30,0.758377855,96.11253532,98.96369157,
1/5/24 4:40,0.649619879,97.05975935,99.40438079,
1/5/24 4:50,0.384066004,97.23033891,98.92005868,
1/5/24 5:00,0.374425431,97.68955265,99.11886989,
1/5/24 5:10,0.469183222,96.95092959,98.50441438,
1/5/24 5:20,0.522257444,97.55566484,98.82019817,
1/5/24 5:30,0.542240965,98.02171371,98.85799163,
1/5/24 5:40,0.462423145,99.00008135,98.95912933,
1/5/24 5:50,0.640201914,98.18089005,98.98050355,
1/5/24 6:00,0.407513762,96.98100058,98.5907949,
1/5/24 6:10,0.466690248,96.76406338,99.10718912,
1/5/24 6:20,0.432017927,97.75137735,98.90309507,
1/5/24 6:30,0.439522232,97.73953666,99.19134846,
1/5/24 6:40,0.537329256,97.10330093,99.04237935,
1/5/24 6:50,0.568910172,96.31875689,99.2328781,
1/5/24 7:00,0.557699596,97.46088106,99.54344255,
1/5/24 7:10,0.32798756,97.80528071,99.15931976,
1/5/24 7:20,0.362969778,98.63389684,99.33386177,
1/5/24 7:30,0.392495764,97.59160286,98.92664569,
1/5/24 7:40,0.448907765,97.71609952,99.3991377,
1/5/24 7:50,0.164058856,96.95095991,99.07448728,
1/5/24 8:00,0.123841828,96.80331744,99.11451633,
1/5/24 8:10,0.018209949,97.02485721,98.9257527,
1/5/24 8:20,0.277130732,97.76517732,99.25287601,
1/5/24 8:30,0.576072798,97.89989102,99.64105447,
1/5/24 8:40,0.783046143,96.79691823,99.86544805,
1/5/24 8:50,0.76678023,96.39742131,99.43606849,
1/5/24 9:00,0.735873469,97.44925479,99.1095994,
1/5/24 9:10,0.546613979,97.48434487,98.81032842,
1/5/24 9:20,0.561426207,98.17313158,98.97800756,
1/5/24 9:30,0.308222595,97.36218331,99.17817465,
1/5/24 9:40,0.541595638,98.48926549,99.32444159,
1/5/24 9:50,0.384775446,97.78554915,99.21860013,
1/5/24 10:00,0.394562426,98.43051096,98.96669513,
1/5/24 10:10,0.325655608,98.50102707,98.58894131,
1/5/24 10:20,0.465630317,99.34882648,98.89025015,
1/5/24 10:30,0.550174013,99.01325231,98.78977524,
1/5/24 10:40,0.463559629,97.61119102,99.23004697,
1/5/24 10:50,0.407762621,96.6112545,98.9995591,
1/5/24 11:00,0.303060453,96.45691247,99.33730142,
1/5/24 11:10,0.258693278,96.23519415,98.98774707,
1/5/24 11:20,0.378829842,96.33861615,99.02884971,
1/5/24 11:30,0.550614351,96.6939101,98.61805724,
1/5/24 11:40,0.539531544,97.85557247,98.79046244,
1/5/24 11:50,0.34166081,98.40397376,99.06681701,
1/5/24 12:00,0.271677442,98.46436171,99.19810533,
1/5/24 12:10,0.27604392,98.33100459,99.47737409,
1/5/24 12:20,0.367875899,98.27664854,99.15829153,
1/5/24 12:30,0.399760765,98.04296613,99.44531552,
1/5/24 12:40,0.573015126,97.5684888,99.42198975,
1/5/24 12:50,0.538716201,96.78675766,99.5519817,
1/5/24 13:00,0.536171357,96.96129187,99.4135127,
1/5/24 13:10,0.56013962,97.79609781,99.45850895,
1/5/24 13:20,0.679132377,98.77015835,99.37970404,
1/5/24 13:30,0.699276396,98.08456711,99.51327401,
1/5/24 13:40,0.571403764,97.6175737,99.40529722,
1/5/24 13:50,0.365592593,97.08178017,99.69497414,
1/5/24 14:00,0.216751396,96.71028488,99.43229723,
1/5/24 14:10,0.295319112,97.44786824,99.40155209,
1/5/24 14:20,0.485687981,98.25918895,98.82748256,
1/5/24 14:30,0.62300752,99.68907436,99.05528004,
1/5/24 14:40,0.744014108,99.36283262,98.79442812,
1/5/24 14:50,0.618729812,99.31422662,98.83458567,
1/5/24 15:00,0.757068427,98.2555354,98.53873487,
1/5/24 15:10,0.729590874,97.74003525,98.57440697,
1/5/24 15:20,0.82325956,96.48595342,98.8523677,
1/5/24 15:30,0.832264568,97.70836284,99.10662026,
1/5/24 15:40,0.582082706,97.76056516,98.9986712,
1/5/24 15:50,0.443334007,97.56761416,99.11926226,
1/5/24 16:00,0.382530772,97.46893496,99.05086607,
1/5/24 16:10,0.454992802,96.74805211,99.08342447,
1/5/24 16:20,0.4097228,97.62784282,98.69929904,
1/5/24 16:30,0.443274923,96.62402186,98.86329448,
1/5/24 16:40,0.446439319,97.78483941,98.82670352,
1/5/24 16:50,0.433877736,97.2721168,99.06878403,
1/5/24 17:00,0.251999596,98.04808399,98.61363277,
1/5/24 17:10,0.256716363,98.04769571,98.49681615,
1/5/24 17:20,0.466606501,98.46878259,98.32477959,
1/5/24 17:30,0.474994799,97.47704136,98.93426616,
1/5/24 17:40,0.632441316,97.5598837,99.00234991,
1/5/24 17:50,0.521491983,98.25487133,98.9460601,
1/5/24 18:00,0.65778041,98.97482981,98.34270734,
1/5/24 18:10,0.457887427,98.06592137,98.66227188,
1/5/24 18:20,0.553054468,97.67492438,98.61394328,
1/5/24 18:30,0.342665701,96.83175091,98.65978433,
1/5/24 18:40,0.472837791,97.41960832,98.76827117,
1/5/24 18:50,0.266338088,96.83835204,98.69865344,
1/5/24 19:00,0.318613582,97.81001254,98.63344378,
1/5/24 19:10,0.278976464,97.12516783,98.16804179,
1/5/24 19:20,0.407148487,97.73010447,98.69261204,
1/5/24 19:30,0.410112241,97.91521828,99.30412271,
1/5/24 19:40,0.399543016,97.81525814,99.62044859,
1/5/24 19:50,0.456703078,97.51534642,99.14695833,
1/5/24 20:00,0.694680371,96.74003741,98.77062346,
1/5/24 20:10,0.855207523,97.95091815,98.96614565,
1/5/24 20:20,0.837113213,97.70532855,99.49248915,
1/5/24 20:30,0.660726246,98.51133188,99.61433211,
1/5/24 20:40,0.562354199,97.31432389,99.32206974,
1/5/24 20:50,0.432310767,98.31815424,99.15847858,
1/5/24 21:00,0.6123959,97.84696875,99.26421431,
1/5/24 21:10,0.679478889,99.20420937,98.99054379,
1/5/24 21:20,0.938987279,97.68850068,98.66528659,
1/5/24 21:30,0.921270323,97.30912486,98.82108921,
1/5/24 21:40,0.713273104,96.61348315,99.10399087,
1/5/24 21:50,0.482364814,98.13691313,99.2084933,
1/5/24 22:00,0.389019844,97.98272719,99.15021491,
1/5/24 22:10,0.451513731,98.17444491,98.90802151,
1/5/24 22:20,0.461297301,97.66340519,99.00089234,
1/5/24 22:30,0.515675219,98.32171686,98.77047743,
1/5/24 22:40,0.439884647,98.82661048,99.32179327,
1/5/24 22:50,0.447649893,98.37962735,99.58245441,
1/5/24 23:00,0.514266771,97.95492362,99.43700225,
1/5/24 23:10,0.53971163,96.38225957,99.05358463,
1/5/24 23:20,0.479757564,96.45509896,98.76182256,
1/5/24 23:30,0.475679919,97.1802898,98.91029091,
1/5/24 23:40,0.672907798,98.36116102,99.04063577,
1/5/24 23:50,0.66399409,98.21709693,99.20706166,
1/6/24 0:00,0.591301972,98.49554441,99.21466388,
1/6/24 0:10,0.561067101,97.75511568,99.38591638,
1/6/24 0:20,0.725692731,97.35620733,99.58648972,
1/6/24 0:30,0.596822518,95.93019004,99.26152369,
1/6/24 0:40,0.432820579,96.07437993,98.9924922,
1/6/24 0:50,0.343350434,96.41412361,98.71775275,
1/6/24 1:00,0.315528478,97.44637705,99.17748456,
1/6/24 1:10,0.35239566,96.84447947,98.93004607,
1/6/24 1:20,0.556654408,97.29140461,98.93132592,
1/6/24 1:30,0.720851573,96.57668231,98.71762052,
1/6/24 1:40,0.589357051,97.83498526,99.26923149,
1/6/24 1:50,0.438706421,98.07086982,99.13551099,
1/6/24 2:00,0.236826606,98.11840746,99.1962395,
1/6/24 2:10,0.513259698,97.69196323,99.11390711,
1/6/24 2:20,0.561450353,96.80008884,98.92297078,
1/6/24 2:30,0.524865642,97.23439071,99.15282998,
1/6/24 2:40,0.370771761,97.78246381,98.93021612,
1/6/24 2:50,0.283688126,99.05687797,99.2700365,
1/6/24 3:00,0.426074203,98.27447106,99.17304507,
1/6/24 3:10,0.303198277,97.49600302,99.40589072,
1/6/24 3:20,0.456597705,96.73195525,99.58533442,
1/6/24 3:30,0.519499258,97.78177373,99.32351997,
1/6/24 3:40,0.558598772,98.06029519,99.21566684,
1/6/24 3:50,0.36626696,98.33309684,98.98424113,
1/6/24 4:00,0.355324541,97.39151139,98.83819466,
1/6/24 4:10,0.522892894,96.81532997,98.60145631,
1/6/24 4:20,0.601306115,97.14071928,98.60999247,
1/6/24 4:30,0.416073008,98.03585264,98.94711845,
1/6/24 4:40,0.508990215,97.66441291,99.06586354,
1/6/24 4:50,0.425919404,96.895209,99.11141259,
1/6/24 5:00,0.64699508,96.86124716,99.12794424,
1/6/24 5:10,0.398940405,97.76002488,99.20649418,
1/6/24 5:20,0.473702214,98.08664719,99.00353451,
1/6/24 5:30,0.508876136,97.38717155,98.66164666,
1/6/24 5:40,0.479462087,97.56033849,98.92491182,
1/6/24 5:50,0.325556409,97.8914241,98.73776759,
1/6/24 6:00,0.197872134,97.94105711,99.27000795,
1/6/24 6:10,0.168264946,97.94385771,98.76640548,
1/6/24 6:20,0.227482244,98.13737164,99.33320741,
1/6/24 6:30,0.253687201,97.69038476,99.34283252,
1/6/24 6:40,0.544739331,97.36886136,99.66510573,
1/6/24 6:50,0.526256793,97.1365465,99.10244923,
1/6/24 7:00,0.372875213,98.00877314,98.97947847,
1/6/24 7:10,0.09187724,98.4153221,98.98714176,
1/6/24 7:20,0.21780902,98.42536204,99.309901,
1/6/24 7:30,0.512076423,97.87333012,98.86826955,
1/6/24 7:40,0.693308486,97.91369527,98.62750265,
1/6/24 7:50,0.634579166,96.851022,98.79750963,
1/6/24 8:00,0.313531982,97.31918166,98.98008819,
1/6/24 8:10,0.440354868,96.30455425,99.3213281,
1/6/24 8:20,0.604796522,96.29622597,98.96134422,
1/6/24 8:30,0.73183776,95.53301334,99.27258647,
1/6/24 8:40,0.653188873,96.7360733,98.77638793,
1/6/24 8:50,0.39724204,97.49103701,98.71228534,
1/6/24 9:00,0.537060103,98.88460998,98.14104016,
1/6/24 9:10,0.614638569,98.97797978,98.38923694,
1/6/24 9:20,0.594249291,98.12740672,98.42721532,
1/6/24 9:30,0.636985758,97.42544292,98.44255697,
1/6/24 9:40,0.649984385,96.47291365,98.29603914,
1/6/24 9:50,0.828848213,96.58239037,98.31385144,
1/6/24 10:00,0.845332651,95.82664825,98.31221462,
1/6/24 10:10,0.742650622,95.35178648,98.7343113,
1/6/24 10:20,0.717955572,96.71789245,98.73906802,
1/6/24 10:30,0.426139641,97.38154628,99.13210781,
1/6/24 10:40,0.496906479,98.83628557,98.6201601,
1/6/24 10:50,0.476788787,98.76988661,99.10125721,
1/6/24 11:00,0.463189848,99.05415459,99.18686541,
1/6/24 11:10,0.400773587,98.92868753,99.19931008,
1/6/24 11:20,0.342108668,98.76743755,98.76682761,
1/6/24 11:30,0.52960528,97.87091897,98.91421959,
1/6/24 11:40,0.458160016,96.92713519,99.2552802,
1/6/24 11:50,0.435053391,95.86470087,99.58917433,
1/6/24 12:00,0.55912458,96.01587073,99.11827998,
1/6/24 12:10,0.684930059,96.67946963,99.00505136,
1/6/24 12:20,0.682244021,96.53041532,98.50473068,
1/6/24 12:30,0.611906509,96.58418182,98.46743705,
1/6/24 12:40,0.418224849,96.66012906,98.33499774,
1/6/24 12:50,0.431305259,97.53675613,98.80591812,
1/6/24 13:00,0.403837218,98.24869961,99.129509,
1/6/24 13:10,0.588164015,98.43270932,99.29415841,
1/6/24 13:20,0.57554896,98.894207,98.99511913,
1/6/24 13:30,0.656241403,99.05024696,98.78697368,
1/6/24 13:40,0.688867507,98.93515823,98.4679369,
1/6/24 13:50,0.654463319,98.46102855,98.53410507,
1/6/24 14:00,0.52113533,98.22930979,98.40345043,
1/6/24 14:10,0.384835975,97.96383924,98.50696053,
1/6/24 14:20,0.65941598,97.00330965,98.71614459,
1/6/24 14:30,0.779208421,97.0227413,98.81950779,
1/6/24 14:40,0.805018364,97.1631283,99.30547225,
1/6/24 14:50,0.837819344,98.26449734,98.9471807,
1/6/24 15:00,0.797582478,97.43790779,99.2638977,
1/6/24 15:10,0.922372276,97.34968349,99.1429946,
1/6/24 15:20,0.856081131,96.28827031,99.64949174,
1/6/24 15:30,0.776236363,96.70185013,99.60965525,
1/6/24 15:40,0.777262142,96.17484127,99.62142195,
1/6/24 15:50,0.667063942,97.6376761,99.18066147,
1/6/24 16:00,0.718642306,98.11859478,98.69935407,
1/6/24 16:10,0.527429205,98.75225744,98.22584544,
1/6/24 16:20,0.621691862,98.08161592,98.67571454,
1/6/24 16:30,0.437822527,97.36900042,98.82841945,
1/6/24 16:40,0.438970665,97.86860546,99.32375337,
1/6/24 16:50,0.503446224,97.3739999,98.90586453,
1/6/24 17:00,0.604557245,97.26424173,99.1700147,
1/6/24 17:10,0.798852139,95.72853666,99.11580687,
1/6/24 17:20,0.632336116,96.12437146,99.13912362,
1/6/24 17:30,0.581853773,96.65514219,99.29115139,
1/6/24 17:40,0.534837722,97.72722513,99.03524739,
1/6/24 17:50,0.595976572,98.41349652,98.83015653,
1/6/24 18:00,0.633922207,99.31655145,98.35284423,
1/6/24 18:10,0.642644433,98.33351913,98.56926661,
1/6/24 18:20,0.442774193,97.95936953,98.74973591,
1/6/24 18:30,0.528023543,97.61517073,99.06668886,
1/6/24 18:40,0.45982224,98.98665237,98.81723302,
1/6/24 18:50,0.710603576,98.66831584,99.2592078,
1/6/24 19:00,0.704627845,97.76474543,98.91827978,
1/6/24 19:10,0.745168514,96.47488815,98.79720166,
1/6/24 19:20,0.575129627,96.8630154,98.53080304,
1/6/24 19:30,0.609159474,98.05527763,98.5963991,
1/6/24 19:40,0.37890843,98.76924454,98.62097138,
1/6/24 19:50,0.377180423,98.80069423,98.30162424,
1/6/24 20:00,0.257849786,97.67073135,98.71745702,
1/6/24 20:10,0.239411753,97.2379243,98.71743166,
1/6/24 20:20,0.246759146,97.08303938,99.02650825,
1/6/24 20:30,0.297699235,98.10519665,98.9764495,
1/6/24 20:40,0.605083409,97.73761935,99.3789779,
1/6/24 20:50,0.561179612,97.66902655,99.29792412,
1/6/24 21:00,0.64761841,96.83664726,99.17815237,
1/6/24 21:10,0.329186452,97.7892686,99.28716256,
1/6/24 21:20,0.469941628,97.23415754,99.54729733,
1/6/24 21:30,0.279496105,97.54789102,99.55256546,
1/6/24 21:40,0.307992745,97.12439834,99.00817091,
1/6/24 21:50,0.320443137,97.2320874,98.83731137,
1/6/24 22:00,0.469121298,96.60427348,99.07417507,
1/6/24 22:10,0.5189523,96.05106686,99.4998854,
1/6/24 22:20,0.434117165,96.16714073,99.61233187,
1/6/24 22:30,0.328604921,95.92562198,99.09897582,
1/6/24 22:40,0.401551419,95.83987175,98.82194694,
1/6/24 22:50,0.422509323,96.77514809,98.67575647,
1/6/24 23:00,0.51002861,97.01309254,98.94267478,
1/6/24 23:10,0.529185202,98.5631378,98.87461348,
1/6/24 23:20,0.510076194,97.78427692,98.62484129,
1/6/24 23:30,0.443916596,98.34971423,98.46639051,
1/6/24 23:40,0.544064271,98.32572986,98.87010738,
1/6/24 23:50,0.5174606,98.99874495,99.21880836,
1/7/24 0:00,0.596842834,98.69457406,99.43892771,
1/7/24 0:10,0.325407352,97.86185102,99.11766362,
1/7/24 0:20,0.395782375,97.40167485,98.85744507,
1/7/24 0:30,0.228754878,97.43842645,98.99797768,
1/7/24 0:40,0.416820391,97.38275693,98.91938271,
1/7/24 0:50,0.58342236,97.68340277,99.23477583,
1/7/24 1:00,0.568755904,97.74314019,98.9955308,
1/7/24 1:10,0.552608256,98.1060391,99.50494474,
1/7/24 1:20,0.535156283,97.10851791,99.2492255,
1/7/24 1:30,0.809402725,97.07401623,98.94999014,
1/7/24 1:40,0.640820237,97.34104735,98.93554837,
1/7/24 1:50,0.500146494,97.97483882,99.16034912,
1/7/24 2:00,0.475786664,98.58357985,99.494566,
1/7/24 2:10,0.59863333,98.72320496,99.00646329,
1/7/24 2:20,0.603185482,98.4821674,98.70614453,
1/7/24 2:30,0.473948037,97.46343126,98.87777305,
1/7/24 2:40,0.341488218,96.78612692,98.87579435,
1/7/24 2:50,0.220390314,96.44714657,99.00257852,
1/7/24 3:00,0.374104653,97.09373888,98.85558659,
1/7/24 3:10,0.581588982,97.78943226,99.35061403,
1/7/24 3:20,0.797393114,98.65273816,99.50471743,
1/7/24 3:30,0.704440925,98.54819616,99.19589957,
1/7/24 3:40,0.749455298,97.44625163,98.62527726,
1/7/24 3:50,0.534998945,97.00510354,98.55758446,
1/7/24 4:00,0.626044199,97.30059517,98.73683858,
1/7/24 4:10,0.379935561,97.63517496,99.1350558,
1/7/24 4:20,0.592633458,98.13871538,98.85451898,
1/7/24 4:30,0.460090208,97.80113337,98.73053706,
1/7/24 4:40,0.618247878,97.31204972,98.64731753,
1/7/24 4:50,0.359530629,97.115809,99.09210929,
1/7/24 5:00,0.206299525,97.29582934,99.58316229,
1/7/24 5:10,0.349718308,97.53002226,99.59718502,
1/7/24 5:20,0.643930969,97.95526446,99.65761453,
1/7/24 5:30,0.883638387,98.30872424,99.62586701,
1/7/24 5:40,0.694595835,98.51285654,99.56478985,
1/7/24 5:50,0.605837992,97.20203882,99.23102623,
1/7/24 6:00,0.450757701,96.75384589,98.74623134,
1/7/24 6:10,0.413316016,96.20467033,99.05886817,
1/7/24 6:20,0.402690658,96.99536345,99.3533245,
1/7/24 6:30,0.460939961,97.790539,99.75786804,
1/7/24 6:40,0.484354463,99.1189647,99.14453599,
1/7/24 6:50,0.475278085,98.71977166,98.60812673,
1/7/24 7:00,0.43645856,97.29067985,98.50446528,
1/7/24 7:10,0.42069129,97.03250806,98.59742443,
1/7/24 7:20,0.227656237,96.56075777,99.16860509,
1/7/24 7:30,0.114637795,96.50274887,99.12129806,
1/7/24 7:40,0.039354557,95.29568696,99.46037881,
1/7/24 7:50,0.09046045,96.4174531,99.16095507,
1/7/24 8:00,0.22629393,97.41252309,98.8421172,
1/7/24 8:10,0.505202271,98.44702491,98.92852074,
1/7/24 8:20,0.473288782,98.7141673,98.6302014,
1/7/24 8:30,0.425313268,98.67623488,98.72671241,
1/7/24 8:40,0.213008862,98.19376567,98.81325965,
1/7/24 8:50,0.252020427,97.6848464,99.01488764,
1/7/24 9:00,0.39732921,97.91680254,99.28166617,
1/7/24 9:10,0.530456071,97.60072068,99.00529355,
1/7/24 9:20,0.490253361,97.60132036,99.40900435,
1/7/24 9:30,0.424419488,97.43061819,99.12294565,
1/7/24 9:40,0.399839789,98.01346959,99.02534003,
1/7/24 9:50,0.466183605,96.96751533,98.97532902,
1/7/24 10:00,0.565454922,96.07034049,99.11728952,
1/7/24 10:10,0.48415979,95.57872835,98.85260943,
1/7/24 10:20,0.665841011,96.80137135,98.50393777,
1/7/24 10:30,0.662193784,97.33585154,98.75983649,
1/7/24 10:40,0.642837455,97.04351383,99.21433031,
1/7/24 10:50,0.374490113,96.59404663,99.58923498,
1/7/24 11:00,0.387357447,95.96620824,99.25397567,
1/7/24 11:10,0.532663745,96.28231888,99.35864388,
1/7/24 11:20,0.776556879,95.99731333,98.94907925,
1/7/24 11:30,0.513137359,96.13469586,98.85463331,
1/7/24 11:40,0.372660723,96.75404636,98.4160081,
1/7/24 11:50,0.167101916,97.5502232,98.87802508,
1/7/24 12:00,0.221467581,97.82762422,98.93655861,
1/7/24 12:10,0.271705686,98.24745668,99.46508655,
1/7/24 12:20,0.518530573,98.21140637,99.06099834,
1/7/24 12:30,0.60703685,98.45727377,99.40592633,
1/7/24 12:40,0.634949758,97.07091533,99.05699943,
1/7/24 12:50,0.382495464,96.35449693,99.33594962,
1/7/24 13:00,0.375977404,95.88127906,99.10754332,
1/7/24 13:10,0.378584639,97.25762627,99.46600658,
1/7/24 13:20,0.546720282,97.57273581,99.19178204,
1/7/24 13:30,0.62282295,97.55990715,99.30903742,
1/7/24 13:40,0.760290822,96.35299979,99.12386302,
1/7/24 13:50,0.690132043,96.40030944,99.40846273,
1/7/24 14:00,0.742895311,97.59435802,99.49945351,
1/7/24 14:10,0.609822093,98.84857924,99.34695595,
1/7/24 14:20,0.783640659,99.40018657,99.45785258,
1/7/24 14:30,0.49748752,98.67240896,99.38778345,
1/7/24 14:40,0.648773946,98.73768725,99.71880653,
1/7/24 14:50,0.478762612,98.94172583,99.54254519,
1/7/24 15:00,0.782403562,99.65744007,99.48907131,
1/7/24 15:10,0.502983082,99.50221393,99.0818312,
1/7/24 15:20,0.371910608,98.58095212,98.66088752,
1/7/24 15:30,0.059892633,98.08908796,98.73169382,
1/7/24 15:40,0.086753138,98.30393779,99.00883225,
1/7/24 15:50,0.297410459,97.9386909,99.12409561,
1/7/24 16:00,0.303312345,97.75209536,98.81305402,
1/7/24 16:10,0.229966265,97.32129037,98.79040888,
1/7/24 16:20,0.218814672,98.50503294,99.29796836,
1/7/24 16:30,0.433943959,98.92875451,99.26844122,
1/7/24 16:40,0.4517759,98.86847251,98.90181755,
1/7/24 16:50,0.513494252,97.63424466,98.77561869,
1/7/24 17:00,0.579325383,97.86433111,99.00912268,
1/7/24 17:10,0.658696073,98.33432414,99.34906852,
1/7/24 17:20,0.399604145,98.46880416,99.02408871,
1/7/24 17:30,0.232110231,98.07915602,98.87823736,
1/7/24 17:40,0.217780246,96.99480665,98.47108706,
1/7/24 17:50,0.47787455,97.02095939,98.71016098,
1/7/24 18:00,0.495127669,96.03470527,99.09540308,
1/7/24 18:10,0.698272589,96.21854678,99.26365891,
1/7/24 18:20,0.490295646,96.88993664,99.05003256,
1/7/24 18:30,0.615153395,97.77397071,98.48994393,
1/7/24 18:40,0.602906513,97.95410471,98.61638302,
1/7/24 18:50,0.781643157,97.99099005,99.03634378,
1/7/24 19:00,0.546418727,97.97665092,99.61542312,
1/7/24 19:10,0.312614847,98.39836859,99.84025596,
1/7/24 19:20,0.270254526,98.82360003,99.47999553,
1/7/24 19:30,0.541907351,97.91196716,98.927546,
1/7/24 19:40,0.828221537,97.71374734,98.71011751,
1/7/24 19:50,0.728859925,96.27721426,98.69976535,
1/7/24 20:00,0.472718613,97.32609105,98.942598,
1/7/24 20:10,0.311667154,96.38859893,99.23844773,
1/7/24 20:20,0.259949386,97.75259803,99.31434812,
1/7/24 20:30,0.271692219,97.9908176,99.09297433,
1/7/24 20:40,0.408447133,99.3245296,98.66943196,
1/7/24 20:50,0.546979615,97.84394532,98.44256216,
1/7/24 21:00,0.773504297,97.8338802,98.93523011,
1/7/24 21:10,0.716026121,97.68564332,99.01355852,
1/7/24 21:20,0.849835366,97.77977285,99.34426251,
1/7/24 21:30,0.823712118,96.8682707,99.03806907,
1/7/24 21:40,0.814697468,95.63884518,98.97447616,
1/7/24 21:50,0.720713133,96.1651631,98.88048718,
1/7/24 22:00,0.75506033,96.72574798,99.22395847,
1/7/24 22:10,0.769817016,97.7931815,99.05873844,
1/7/24 22:20,0.56241472,98.34667587,99.04850293,
1/7/24 22:30,0.453574065,97.93616736,98.7465732,