Dates,freq_toux,sat_o2,dbt_resp
2024-10-17 23:03:30.871985,0.4093226879881069,97.3050780742698,99.29502783761652
2024-10-18 23:03:30.871985,0.5470396245647196,97.07689361734843,99.09983862087165
2024-10-19 23:03:30.871985,0.3946720875536817,96.91556996831501,99.2140097531393
2024-10-20 23:03:30.871985,0.54130869877903,96.54506974443952,99.21656014201683
2024-10-21 23:03:30.871985,0.4642385310404146,96.86529864256484,99.57196514551804
2024-10-22 23:03:30.871985,0.5019895516040881,97.79323286672285,99.42130337117054
2024-10-23 23:03:30.871985,0.25855453284492047,98.4951087667543,99.25884903808564
2024-10-24 23:03:30.871985,0.111192516201989,99.06844714985066,99.00160187095808
2024-10-25 23:03:30.871985,0.3642559137436812,99.0074529941424,98.85021578207488
2024-10-26 23:03:30.871985,0.589541440344188,98.89777926761421,98.58332082743345
2024-10-27 23:03:30.871985,0.9161772539911283,98.47700451378971,98.70466910768914
2024-10-28 23:03:30.871985,0.7673432352179489,98.45374080443526,98.72899178270393
2024-10-29 23:03:30.871985,0.6364143170833043,97.58471118727898,99.21089582273392
2024-10-30 23:03:30.871985,0.5346343772858858,98.00983360971487,98.72412069703802
2024-10-31 23:03:30.871985,0.5832798265791618,96.97152658962153,99.13576922342868
2024-11-01 23:03:30.871985,0.6300262640318304,98.0903911010791,99.06841248386586
2024-11-02 23:03:30.871985,0.4433393859593426,97.82886743858994,99.20753321381254
2024-11-03 23:03:30.871985,0.5247103940999883,98.72368877689648,99.2192498805785
2024-11-04 23:03:30.871985,0.42477199776220326,99.11785689624473,99.12243536708013
2024-11-05 23:03:30.871985,0.44478040720677164,98.25047444361012,99.27693720186254
2024-11-06 23:03:30.871985,0.2473892181103341,98.2009273337873,99.04685275153997
2024-11-07 23:03:30.871985,0.38613380544922343,98.0312723583454,99.21306276220218
2024-11-08 23:03:30.871985,0.5857552456007129,98.76087493329571,99.52932863668734
2024-11-09 23:03:30.871985,0.6765292483407855,98.11170316794964,99.34150628054095
2024-11-10 23:03:30.871985,0.7287080680483031,98.08825489374372,99.41358662037715
2024-11-11 23:03:30.871985,0.6098794055605549,98.48052142264447,99.04246680256999
2024-11-12 23:03:30.871985,0.5588130866815751,98.1437997660372,99.32192877939413
2024-11-13 23:03:30.871985,0.30693406463737705,97.40559433178356,98.8448665570656
2024-11-14 23:03:30.871985,0.23796960967718317,96.8842600479688,98.91566831829347
2024-11-15 23:03:30.871985,0.29479042806574024,98.12243194837566,98.76530878912654
2024-11-16 23:03:30.871985,0.443533239493527,98.92378037639673,98.97366813993297
2024-11-17 23:03:30.871985,0.5741435882882121,98.85684434473512,99.14273665046532
2024-11-18 23:03:30.871985,0.6691458839478251,98.386495490609,99.43435261345441
2024-11-19 23:03:30.871985,0.7057505299899672,97.04370402511881,99.61817626387922
2024-11-20 23:03:30.871985,0.5091369381754668,97.32115407213412,99.5418480416228
2024-11-21 23:03:30.871985,0.3929167746774708,97.99637593426125,99.57634452787454
2024-11-22 23:03:30.871985,0.4550607388610303,97.98057264539825,99.58690429155986
2024-11-23 23:03:30.871985,0.5966582721411803,97.54858979554899,99.74153126405872
2024-11-24 23:03:30.871985,0.43572601016480794,96.80386646954388,99.23751777163368
2024-11-25 23:03:30.871985,0.46631158440759063,97.92058898098628,99.24414994080054
2024-11-26 23:03:30.871985,0.5170978159026122,98.29664950770653,98.94826778408374
2024-11-27 23:03:30.871985,0.7449762912446306,98.2391074474557,99.4493629645266
2024-11-28 23:03:30.871985,0.66452744874434,97.80548197541442,99.33327379127415
2024-11-29 23:03:30.871985,0.5506484717904581,98.14556391911299,99.18369673737111
2024-11-30 23:03:30.871985,0.4202163738733032,97.50998092117568,99.17865098176681
2024-12-01 23:03:30.871985,0.21579532476451713,98.13442953221829,99.21877101365665
2024-12-02 23:03:30.871985,0.40412735927813853,97.22349396713457,99.16817072612814
2024-12-03 23:03:30.871985,0.5154718396143183,97.24972940886629,99.13541569630196
2024-12-04 23:03:30.871985,0.6397869734108738,96.75957442154287,99.27793689897958
2024-12-05 23:03:30.871985,0.527469391406626,97.6332552701236,99.77217756863628
2024-12-06 23:03:30.871985,0.40822703931553206,99.00382239954222,99.40823996780938
2024-12-07 23:03:30.871985,0.3337046806366731,99.46641511261453,99.34968819569275
2024-12-08 23:03:30.871985,0.3379139601126668,99.48050267464896,99.0216743667428
2024-12-09 23:03:30.871985,0.35134485790955433,98.26035438847039,98.98730507853595
2024-12-10 23:03:30.871985,0.5483005241330359,98.29410184112402,98.83646170942257
2024-12-11 23:03:30.871985,0.683720201895695,96.95614840245652,98.74211307079497
2024-12-12 23:03:30.871985,0.5975988650260864,98.24481907579184,98.97459541756298
2024-12-13 23:03:30.871985,0.45313108035984034,97.30007911724151,98.75266608736005
2024-12-14 23:03:30.871985,0.32501841295975287,97.20801559301299,98.80244047692373
2024-12-15 23:03:30.871985,0.34275014541444376,96.79513220117171,98.67839653647529
2024-12-16 23:03:30.871985,0.5399830524747183,96.97616856435212,98.66373938232073
2024-12-17 23:03:30.871985,0.41345213894159394,97.42355734295336,98.90097496186007
2024-12-18 23:03:30.871985,0.584269143757033,96.35506080813163,98.92568410573142
2024-12-19 23:03:30.871985,0.5918853709619251,95.74885809879147,98.95218504582634
2024-12-20 23:03:30.871985,0.5694358246774733,96.28433566504651,98.5442338944747
2024-12-21 23:03:30.871985,0.5317053988771939,97.16470588154554,98.84714078275395
2024-12-22 23:03:30.871985,0.3915222564868223,97.15523543769574,98.78164061141617
2024-12-23 23:03:30.871985,0.578664904307168,96.61789536145211,98.96045951766173
2024-12-24 23:03:30.871985,0.45965480694871985,96.00534265663323,98.93665764565067
2024-12-25 23:03:30.871985,0.5109462290661824,97.12470627174577,99.39524562832561
2024-12-26 23:03:30.871985,0.5212632148071542,97.40779040246495,99.79686608993639
2024-12-27 23:03:30.871985,0.5227013184771684,98.39553999776733,99.17933932669246
2024-12-28 23:03:30.871985,0.3487204159572123,98.5619932628659,98.95347766886637
2024-12-29 23:03:30.871985,0.2949086930925345,97.8552896676426,98.74690526896121
2024-12-30 23:03:30.871985,0.34566343780977155,96.96598332208062,99.23339586582007
2024-12-31 23:03:30.871985,0.5042917614191633,97.08475980857337,99.09273368232063
2025-01-01 23:03:30.871985,0.6049900994745402,98.16473531488013,99.23253573583713
2025-01-02 23:03:30.871985,0.542082414480302,99.20074499316043,99.15663591248689
2025-01-03 23:03:30.871985,0.5574996792629578,98.76053822319959,99.5584791573774
2025-01-04 23:03:30.871985,0.3697617697926923,98.95368128448445,99.53895949186655
2025-01-05 23:03:30.871985,0.4962759949296431,97.75729569596267,99.47007796844075
2025-01-06 23:03:30.871985,0.31853412334105174,98.215240317279,99.52091732804763
2025-01-07 23:03:30.871985,0.3900462512130622,97.86939453075526,99.47612861769223
2025-01-08 23:03:30.871985,0.36913788348923077,97.70577499562579,99.21461086842858
2025-01-09 23:03:30.871985,0.5042237575788141,96.69304124828847,99.23803970447814
2025-01-10 23:03:30.871985,0.3887487228920618,96.28122803114839,99.36757300644564
2025-01-11 23:03:30.871985,0.31800069036776923,97.51090837154906,99.74325214597052
2025-01-12 23:03:30.871985,0.23883219517294063,98.09591527847256,99.76086568595038
2025-01-13 23:03:30.871985,0.36667364935825764,98.95201334508705,99.50252920938415
2025-01-14 23:03:30.871985,0.5541290291634432,98.00440258298107,99.58119628287643
2025-01-15 23:03:30.871985,0.7276928979501328,98.58443046626458,99.49035422409355
2025-01-16 23:03:30.871985,0.7057555931832558,98.67573315962186,99.21930202796388
2025-01-17 23:03:30.871985,0.7024190026448607,98.4961267151535,98.91021640313257
2025-01-18 23:03:30.871985,0.46930382192912523,97.4173906293239,98.36530473445805
2025-01-19 23:03:30.871985,0.35685045472281796,97.21081995851,98.8968592384037
2025-01-20 23:03:30.871985,0.18435346976232006,98.19631372842832,99.11810124690425
2025-01-21 23:03:30.871985,0.2629471615585075,98.00890344448716,99.34907947540539
2025-01-22 23:03:30.871985,0.3405196089679772,97.41994092394528,99.31134688629652
2025-01-23 23:03:30.871985,0.5321220232441133,97.43862736420715,99.00871736836943
2025-01-24 23:03:30.871985,0.42274003400386356,97.15349937904898,99.37587059772515
2025-01-25 23:03:30.871985,0.4984255567375775,96.45027913487394,99.2385336937876
2025-01-26 23:03:30.871985,0.4759191307685004,96.02791697429768,99.15159779742491
2025-01-27 23:03:30.871985,0.6542671642824384,97.43325665468335,98.91411576216125
2025-01-28 23:03:30.871985,0.5594358643436713,97.93414161744153,98.79187032954015
2025-01-29 23:03:30.871985,0.5066613004883079,97.6226694803446,98.78905284039342
2025-01-30 23:03:30.871985,0.3979800395474585,97.10972100609281,98.78956994304532
2025-01-31 23:03:30.871985,0.47272036201335604,97.90272168109375,98.97201878525406
2025-02-01 23:03:30.871985,0.3332096306844933,98.41716786949924,99.02660548098343
2025-02-02 23:03:30.871985,0.3306834938429799,97.9342071416783,98.72155428414055
2025-02-03 23:03:30.871985,0.4238484652074723,97.04045079098961,98.79637993595405
2025-02-04 23:03:30.871985,0.6202918105962998,96.02752343015264,98.88376195789806
2025-02-05 23:03:30.871985,0.5657247965470803,96.47137178336898,98.94107858954283
2025-02-06 23:03:30.871985,0.36668497088578444,97.22853622920934,98.76632151556136
2025-02-07 23:03:30.871985,0.27243251418395126,98.76683382005342,98.6417539530783
2025-02-08 23:03:30.871985,0.5288614633011544,98.39773286446133,99.00174809273788
2025-02-09 23:03:30.871985,0.5020971637435369,98.34354484936921,99.20372422602902
2025-02-10 23:03:30.871985,0.5988462866296987,97.54977425483526,99.55871107312248
2025-02-11 23:03:30.871985,0.4010762382394439,98.5887413954141,99.45375287143874
2025-02-12 23:03:30.871985,0.5779502693165212,98.88380606029916,98.87118148314674
2025-02-13 23:03:30.871985,0.5783018546833364,99.58875002884766,98.53333844626839
2025-02-14 23:03:30.871985,0.5759966762522833,99.21493911182854,98.68185940320105
2025-02-15 23:03:30.871985,0.6088316684422973,97.97552530764904,98.81186666006543
2025-02-16 23:03:30.871985,0.6440193410413493,96.89046807174066,99.27427101912548
2025-02-17 23:03:30.871985,0.6910132601471909,96.71922079278238,99.03828534617743
2025-02-18 23:03:30.871985,0.7500912107775637,97.36705712230741,98.93415607707618
2025-02-19 23:03:30.871985,0.5265675802319552,97.66284970138186,98.92228073446086
2025-02-20 23:03:30.871985,0.6347554280793377,96.60193339831227,98.71123232446236
2025-02-21 23:03:30.871985,0.5608944148091961,96.13401407739838,99.20498784773712
2025-02-22 23:03:30.871985,0.7906846114611955,95.80708763050474,99.16320683789728
2025-02-23 23:03:30.871985,0.85838081036023,96.69061372624954,99.68568463417199
2025-02-24 23:03:30.871985,0.7967193065801533,97.9050094212137,99.7412718246336
2025-02-25 23:03:30.871985,0.685293750723139,98.82490295191754,99.23243554736779
2025-02-26 23:03:30.871985,0.4015357033482245,99.54938815197181,99.25592769843024
2025-02-27 23:03:30.871985,0.5622436580248339,99.34746540528437,99.23450781459734
2025-02-28 23:03:30.871985,0.6445102999144224,98.05227156987569,99.62637002163525
2025-03-01 23:03:30.871985,0.694594109702336,97.26755895056176,99.64662619777238
2025-03-02 23:03:30.871985,0.6389987546219912,96.8095096773629,99.07480214962875
2025-03-03 23:03:30.871985,0.3573894579554122,97.4136187659379,99.15746190236445
2025-03-04 23:03:30.871985,0.5435385840974464,97.90541874505739,99.0839991955848
2025-03-05 23:03:30.871985,0.34165920918368137,97.69433565839154,99.56216987306789
2025-03-06 23:03:30.871985,0.5437833929237862,97.05918046243096,99.20116713045468
2025-03-07 23:03:30.871985,0.4226587111163595,95.87968765044536,98.65199898791333
2025-03-08 23:03:30.871985,0.3604453806755406,96.33466733448432,98.7817407043449
2025-03-09 23:03:30.871985,0.3871324304427091,96.93275726184847,98.91579737151228
2025-03-10 23:03:30.871985,0.5442957142849312,97.19371354767581,99.37749137187654
2025-03-11 23:03:30.871985,0.7203793424329542,97.38652562310016,99.07248085087144
2025-03-12 23:03:30.871985,0.5532690834398679,96.9302874191509,98.93299522894573
2025-03-13 23:03:30.871985,0.3399785986864554,97.39918161711513,98.47895920641544
2025-03-14 23:03:30.871985,0.3320254483416764,96.61107472568848,98.6764750084061
2025-03-15 23:03:30.871985,0.3219168722522487,97.8846951720194,99.04754458152279
2025-03-16 23:03:30.871985,0.33362297547232195,98.44902170157081,99.22441405038597
2025-03-17 23:03:30.871985,0.2971491273535899,97.96711854651828,98.8466062558093
2025-03-18 23:03:30.871985,0.3024782917082634,97.86462078288689,98.81903534988169
2025-03-19 23:03:30.871985,0.20836828524623643,96.43570363715203,99.00333672730174
2025-03-20 23:03:30.871985,0.10281147629762698,97.16297625830659,99.30217908151224
2025-03-21 23:03:30.871985,0.20126415050878907,96.70436222105052,99.1282576198593
2025-03-22 23:03:30.871985,0.2638334056899038,96.98601556312106,99.17818931654267
2025-03-23 23:03:30.871985,0.3516974919822706,96.98874042697436,99.3948885096019
2025-03-24 23:03:30.871985,0.4522344328830825,96.72720451326263,99.71107390918256
2025-03-25 23:03:30.871985,0.5373875800039851,98.04706228518306,99.41133258752411
2025-03-26 23:03:30.871985,0.7233481055770093,97.25392497063108,98.87885340977768
2025-03-27 23:03:30.871985,0.536753461464809,97.46283346407107,98.76227547396348
2025-03-28 23:03:30.871985,0.507659754511224,96.71633757961406,99.16768740410708
2025-03-29 23:03:30.871985,0.5268239835164067,97.79648662762833,99.45165615658051
2025-03-30 23:03:30.871985,0.511544505822358,97.41887695209016,99.00770649241173
2025-03-31 23:03:30.871985,0.5056725527647233,97.46972826606596,98.65939561868213
2025-04-01 23:03:30.871985,0.48057344532746155,97.46605091783056,98.56553020016035
2025-04-02 23:03:30.871985,0.7318006300839374,98.0590345201864,99.10207956123453
2025-04-03 23:03:30.871985,0.6834003655392857,97.36672624630604,99.25354609803604
2025-04-04 23:03:30.871985,0.4643708400077094,97.42620559576717,99.2569922302389
2025-04-05 23:03:30.871985,0.19731233967671438,97.10577914010037,98.94193678561953
2025-04-06 23:03:30.871985,0.24098294574880375,96.93331176888107,99.15405865753037
2025-04-07 23:03:30.871985,0.22372263947868964,96.73534816216637,99.48828323048168
2025-04-08 23:03:30.871985,0.41312895570967156,96.56981350009194,99.49852645740725
2025-04-09 23:03:30.871985,0.41835732148664856,96.77048549009118,99.39707441697288
2025-04-10 23:03:30.871985,0.63572183065805,96.44171815306679,99.32248027749513
2025-04-11 23:03:30.871985,0.44703468558177567,95.95381116406566,99.49625138853908
2025-04-12 23:03:30.871985,0.5627172717737915,96.59587320074645,99.57541816619153
2025-04-13 23:03:30.871985,0.6135788100863299,96.95430752647701,99.64253143113326
2025-04-14 23:03:30.871985,0.8285893087947391,96.89027886139077,99.5773652837192
2025-04-15 23:03:30.871985,0.7471204054429713,96.98854284643761,99.04159316963482
2025-04-16 23:03:30.871985,0.6202732685034407,96.74703477984981,99.02069946440982
2025-04-17 23:03:30.871985,0.6156953763467791,96.79316169938295,98.86166540120276
2025-04-18 23:03:30.871985,0.6950036963504816,95.82201617494837,99.02235079015918
2025-04-19 23:03:30.871985,0.7251398558922616,95.42382347149771,98.93612119630394
2025-04-20 23:03:30.871985,0.6205480263789576,96.81934760128098,99.26209968335928
2025-04-21 23:03:30.871985,0.5212719090323019,97.13074318048383,99.18018371024692
2025-04-22 23:03:30.871985,0.2927268905413773,98.37857988544128,98.92997578842494
2025-04-23 23:03:30.871985,0.2857503076691715,97.08372105403048,98.60675141699137
2025-04-24 23:03:30.871985,0.478600244322021,96.7721674695993,98.74369248913229
2025-04-25 23:03:30.871985,0.7685190209520573,96.21036629813703,98.92574912878878
2025-04-26 23:03:30.871985,0.8832065044834918,96.31883077668927,99.25489489350296
2025-04-27 23:03:30.871985,0.8316234235559278,97.63686920902376,99.340829098946
2025-04-28 23:03:30.871985,0.5440181772533134,97.80018023848692,99.45901774278444
2025-04-29 23:03:30.871985,0.44953896051879916,98.43941423647111,99.07309374650215
2025-04-30 23:03:30.871985,0.27353620954965496,98.61383725267626,99.34523764330943
2025-05-01 23:03:30.871985,0.29607063345262336,98.22852922573709,99.27136387551798
2025-05-02 23:03:30.871985,0.24176165477111444,98.01406156988378,99.44042799444198
2025-05-03 23:03:30.871985,0.3737471861785873,97.36329409212965,99.2557931000235
2025-05-04 23:03:30.871985,0.6731626760840482,96.69112743809076,98.93838593413822
2025-05-05 23:03:30.871985,0.7788404073445013,97.24388984465865,98.84117353890933
2025-05-06 23:03:30.871985,0.850041319679726,96.91571595092323,98.81398964652116
2025-05-07 23:03:30.871985,0.8305533338474643,97.52508145591014,98.88751523581864
2025-05-08 23:03:30.871985,0.834392611208275,96.82816948068948,99.1818130701199
2025-05-09 23:03:30.871985,0.5960751422272174,97.89153449590634,99.045042208965
2025-05-10 23:03:30.871985,0.4835426709327084,97.77273578881478,98.78222926185686
2025-05-11 23:03:30.871985,0.3704505146790286,98.76402455603294,98.80238324881616
2025-05-12 23:03:30.871985,0.6191701245071827,98.54963472449839,98.66129928879819
2025-05-13 23:03:30.871985,0.7414437862936136,99.52122812098183,98.71260977910447
2025-05-14 23:03:30.871985,0.8678237286946491,99.18080263512051,98.21041672210934
2025-05-15 23:03:30.871985,0.5860037892414238,99.18337051865454,98.4172407695345
2025-05-16 23:03:30.871985,0.4350602025202826,98.88413448906938,98.61566072075304
2025-05-17 23:03:30.871985,0.2154443098007093,97.98865118499343,99.14790389999149
2025-05-18 23:03:30.871985,0.4175823094638061,96.72212504373444,98.86816000207757
2025-05-19 23:03:30.871985,0.5633431062007814,95.58228832973906,99.27443432321485
2025-05-20 23:03:30.871985,0.6113492218428839,95.29679941455872,99.0518545127372
2025-05-21 23:03:30.871985,0.6864888356416391,95.44615185188087,99.26550056615673
2025-05-22 23:03:30.871985,0.5567950745232016,95.40346190069106,98.80152523928977
2025-05-23 23:03:30.871985,0.7078274338882241,95.56704762372983,99.0218985527025
2025-05-24 23:03:30.871985,0.7257649621322537,96.51959911111152,99.14283263225155
2025-05-25 23:03:30.871985,0.8644874771135199,97.5215454575944,99.40336137099712
2025-05-26 23:03:30.871985,0.8358074351377857,98.01040746151956,99.04842332851949
2025-05-27 23:03:30.871985,0.7203587537294845,97.01721491426467,98.87917019452429
2025-05-28 23:03:30.871985,0.4318231287750653,96.5796766095172,98.76602480700943
2025-05-29 23:03:30.871985,0.5448542180791246,97.01409515621351,99.04119626104666
2025-05-30 23:03:30.871985,0.36176641871300036,97.16694421812845,99.04748102138034
2025-05-31 23:03:30.871985,0.45449016150442895,96.55700538318588,99.26080158104496
2025-06-01 23:03:30.871985,0.4065431967329829,96.78549214418247,98.77294474773778
2025-06-02 23:03:30.871985,0.5061580430782499,97.7467755277869,98.64859672632214
2025-06-03 23:03:30.871985,0.6322944272983047,98.01792939897041,98.22766724385137
2025-06-04 23:03:30.871985,0.3947721153695332,96.84205539384658,98.59063743741042
2025-06-05 23:03:30.871985,0.4619231849450687,96.01316481887126,98.7250415770679
2025-06-06 23:03:30.871985,0.3085108769606945,96.522120874941,98.67533046894181
2025-06-07 23:03:30.871985,0.5748954651920635,96.51983762450617,98.43895318507457
2025-06-08 23:03:30.871985,0.6465258558674745,96.86450221268228,98.72530851846132
2025-06-09 23:03:30.871985,0.5781893173748738,97.09124794156128,98.77153978791667
2025-06-10 23:03:30.871985,0.5353481240304157,98.57777080755864,98.67675512951398
2025-06-11 23:03:30.871985,0.5047213755796415,98.2569164696245,98.74798013430477
2025-06-12 23:03:30.871985,0.7198053410748632,98.38496529053259,98.87669347745447
2025-06-13 23:03:30.871985,0.723718164447884,97.62543644309567,98.93662542363573
2025-06-14 23:03:30.871985,0.5217700194087805,97.1839868569336,98.38853617055183
2025-06-15 23:03:30.871985,0.2935238170865099,97.23785625511088,98.65238257889625
2025-06-16 23:03:30.871985,0.16930641443599467,97.14425211939283,98.60376369361136
2025-06-17 23:03:30.871985,0.2850315844848808,98.66626765444919,98.98393081634038
2025-06-18 23:03:30.871985,0.5338790175451603,97.888311437821,98.88179331865722
2025-06-19 23:03:30.871985,0.5668741852350451,98.32493942486768,99.3438400777436
2025-06-20 23:03:30.871985,0.7078691759959804,96.88249622935315,99.04455780280092
2025-06-21 23:03:30.871985,0.5043894950381592,97.14344228710404,99.22980274405114
2025-06-22 23:03:30.871985,0.42111733637802984,96.03765363564368,98.7344520431654
2025-06-23 23:03:30.871985,0.15115284768191542,96.74392241743048,99.16858232021525
2025-06-24 23:03:30.871985,0.199660456927385,97.50702611370242,98.69775319483402
2025-06-25 23:03:30.871985,0.20508300209007255,98.34107504967483,99.14909513910726
2025-06-26 23:03:30.871985,0.5128092574309991,98.69426934503504,98.94194252112568
2025-06-27 23:03:30.871985,0.6044878266284859,98.68249801179077,99.2009050812341
2025-06-28 23:03:30.871985,0.6140579282567116,98.39304603021344,98.77996328062595
2025-06-29 23:03:30.871985,0.4499919833043337,97.6989692743051,98.60162441697521
2025-06-30 23:03:30.871985,0.5367366511680641,97.8468328406268,98.76584592089098
2025-07-01 23:03:30.871985,0.6428281632987259,98.08070848620086,98.81390236399652
2025-07-02 23:03:30.871985,0.6134446451351973,97.67365204906413,99.31201532989046
2025-07-03 23:03:30.871985,0.3465325531260613,97.29005390166543,98.80101352164246
2025-07-04 23:03:30.871985,0.4232849259762306,96.44207957571166,99.23132873327756
2025-07-05 23:03:30.871985,0.47132382875906065,97.79031934308193,98.81082483542325
2025-07-06 23:03:30.871985,0.629775377640193,97.86551625481621,99.18986287161478
2025-07-07 23:03:30.871985,0.5288665860794569,99.13632304901398,98.75121269918851
2025-07-08 23:03:30.871985,0.41200271456826093,99.02780662098273,98.56134353365862
2025-07-09 23:03:30.871985,0.5326667718426613,98.58829157547179,98.55957585169209
2025-07-10 23:03:30.871985,0.6048787949087662,97.29875888006063,98.61412418437912
2025-07-11 23:03:30.871985,0.6274808109060775,96.92090394131749,98.80395743190805
2025-07-12 23:03:30.871985,0.6281584434836335,97.6831670437493,98.54962446258492
2025-07-13 23:03:30.871985,0.5885625997280043,97.69892134799376,98.68122085392115
2025-07-14 23:03:30.871985,0.5865767763526288,98.33361592216085,98.83555946410695
2025-07-15 23:03:30.871985,0.5608310679867571,97.66624096577668,99.21167198276775
2025-07-16 23:03:30.871985,0.3887897653792321,98.45777261992227,98.93278549353802
2025-07-17 23:03:30.871985,0.602191633644508,98.31357850739484,99.03995259495848
2025-07-18 23:03:30.871985,0.5908183450894903,97.6439602297882,98.67625121684902
2025-07-19 23:03:30.871985,0.8359662421049557,98.05779082882763,98.8601856071645
2025-07-20 23:03:30.871985,0.7242861924518676,97.46820230669009,98.46961198492703
2025-07-21 23:03:30.871985,0.7518332156087979,98.0186423224845,98.55737908437504
2025-07-22 23:03:30.871985,0.5042782083338101,96.88503897162718,98.61806904220474
2025-07-23 23:03:30.871985,0.3303445408965728,96.1374090706531,99.12223261320638
2025-07-24 23:03:30.871985,0.338258756329694,96.34330250868618,99.11136087309666
2025-07-25 23:03:30.871985,0.4342246804709225,97.28205711932928,99.23914994445596
2025-07-26 23:03:30.871985,0.4234148793394459,97.47634817585656,98.68854429326257
2025-07-27 23:03:30.871985,0.2670936468668716,97.21129526758993,98.83296267020677
2025-07-28 23:03:30.871985,0.3617195389975468,97.35448488942139,98.81309322818993
2025-07-29 23:03:30.871985,0.6491655384716517,98.63436886694204,99.1873944935782
2025-07-30 23:03:30.871985,0.6811330923273399,98.10935793085063,99.11627642902452
2025-07-31 23:03:30.871985,0.5861866808075064,98.16047766507097,98.81889152501361
2025-08-01 23:03:30.871985,0.3421009289614803,97.36735329231585,98.63427114409342
2025-08-02 23:03:30.871985,0.29065545372562596,97.78394990505497,98.66944145729491
2025-08-03 23:03:30.871985,0.22534716686492287,96.69798507584058,98.76630582499565
2025-08-04 23:03:30.871985,0.49834617625729855,96.38553944780399,99.01837449629022
2025-08-05 23:03:30.871985,0.5641551819692309,97.0529411519553,98.84954737011635
2025-08-06 23:03:30.871985,0.5768801399767565,97.22967384223516,98.91807874672268
2025-08-07 23:03:30.871985,0.27758865314909326,97.88956899838114,98.55407508531925
2025-08-08 23:03:30.871985,0.23421269601509756,96.76877280436862,98.9983914622177
2025-08-09 23:03:30.871985,0.20940011739464792,96.5766966912811,99.20370795575785
2025-08-10 23:03:30.871985,0.500023202483772,95.55880317106484,99.67351842974296
2025-08-11 23:03:30.871985,0.6295969907988064,96.56938722077878,99.25212726640207
2025-08-12 23:03:30.871985,0.6750897226044463,96.79870540326563,99.26388373510589
2025-08-13 23:03:30.871985,0.6615606438009972,96.69847342832149,99.07468704874042
2025-08-14 23:03:30.871985,0.6946633453720207,96.95813666903565,99.31878357334695
2025-08-15 23:03:30.871985,0.9322039571276614,97.31066991071623,99.47005292606998
2025-08-16 23:03:30.871985,0.8933978507915459,98.1629883159675,99.1009575344844
2025-08-17 23:03:30.871985,0.7957705923494379,96.89696708341758,99.18987509997434
2025-08-18 23:03:30.871985,0.5448821098114013,97.34769842697564,99.10522918480429
2025-08-19 23:03:30.871985,0.49160856071828146,97.50299393812963,99.07402186323208
2025-08-20 23:03:30.871985,0.5953359801043042,97.5302933514789,98.87959294116814
2025-08-21 23:03:30.871985,0.7743666133076674,96.98728099694114,98.40095146685059
2025-08-22 23:03:30.871985,0.5804599050951568,97.24215449919073,98.59825900785597
2025-08-23 23:03:30.871985,0.46383775412369616,97.50977435013061,98.78795395221282
2025-08-24 23:03:30.871985,0.4347014039806824,98.38165319787568,99.04088393692341
2025-08-25 23:03:30.871985,0.7158291435777869,97.99261554917554,99.07816832370933
2025-08-26 23:03:30.871985,0.5145841800193203,97.83673700361233,98.95465028912254
2025-08-27 23:03:30.871985,0.46963439184984046,96.84261359134008,99.01547539969442
2025-08-28 23:03:30.871985,0.48234529832573486,95.92633662281735,99.37622612990162
2025-08-29 23:03:30.871985,0.6757717242765321,96.17604422268407,99.20402194406945
2025-08-30 23:03:30.871985,0.5399046920761817,95.99273562735009,99.19581040890286
2025-08-31 23:03:30.871985,0.4894676444631272,96.65472104250479,98.64461525853115
2025-09-01 23:03:30.871985,0.5309493506336938,96.61834069881763,98.42744621968461
2025-09-02 23:03:30.871985,0.6098936111965164,96.49643060729709,98.25942430312772
2025-09-03 23:03:30.871985,0.690681624011645,97.17005837871558,98.77125913709517
2025-09-04 23:03:30.871985,0.5867922240356727,96.8456676251031,99.07539779427134
2025-09-05 23:03:30.871985,0.6240048246587461,96.72061023430433,99.49998210454486
2025-09-06 23:03:30.871985,0.5456806607155215,97.01019581213035,98.93825690917583
2025-09-07 23:03:30.871985,0.6730873015570286,97.77265493407117,98.70027670637528
2025-09-08 23:03:30.871985,0.5804750003961859,97.7132380787935,98.769872306985
2025-09-09 23:03:30.871985,0.6522725297543416,96.78813826307352,99.22306699780616
2025-09-10 23:03:30.871985,0.651520112051032,96.61604552443856,99.65486565653754
2025-09-11 23:03:30.871985,0.7697199318311663,96.76956356966816,99.16698364337742
2025-09-12 23:03:30.871985,0.6163019260971035,97.11654313678348,98.97543803284584
2025-09-13 23:03:30.871985,0.6565353497033227,97.54287667955718,98.94894922289446
2025-09-14 23:03:30.871985,0.5792948032717214,98.23675060337742,98.83931062046463
2025-09-15 23:03:30.871985,0.4561471658760167,98.12709167767672,98.8564158765984
2025-09-16 23:03:30.871985,0.16591003293409434,98.25282288806041,98.84557691815768
2025-09-17 23:03:30.871985,0.29269451080570014,98.20755075950088,98.90313642326556
2025-09-18 23:03:30.871985,0.29083615485778563,98.01875311154971,98.89369026285671
2025-09-19 23:03:30.871985,0.2968596505061408,96.85213658674934,98.81369653614955
2025-09-20 23:03:30.871985,0.10223389497420599,97.67684562693405,98.82065843282679
2025-09-21 23:03:30.871985,0.0943913511291095,98.4496205812314,99.12420664211072
2025-09-22 23:03:30.871985,0.25045097565877344,98.45934417146076,99.27578207812898
2025-09-23 23:03:30.871985,0.25759969422446377,97.03337995578455,99.79761714753538
2025-09-24 23:03:30.871985,0.3940838173300105,96.58571515146805,99.24692994577357
2025-09-25 23:03:30.871985,0.3737438666041437,96.47463793774246,98.69128579910029
2025-09-26 23:03:30.871985,0.5062871918806752,96.55249182542029,98.0786797586256
2025-09-27 23:03:30.871985,0.3392224030195074,96.57662573885784,98.14780915876507
2025-09-28 23:03:30.871985,0.2046444630099495,97.06106195146386,98.5488614940441
2025-09-29 23:03:30.871985,0.2397158254199977,98.03765151242202,99.03164932194284
2025-09-30 23:03:30.871985,0.34129747203451544,97.23756825952398,99.09320306698653
2025-10-01 23:03:30.871985,0.5345314407924682,97.48989885642946,99.02252276981373
2025-10-02 23:03:30.871985,0.6454411645678729,96.6136386007269,98.5544519879666
2025-10-03 23:03:30.871985,0.5458391583639126,97.70595967504461,98.61030320603352
2025-10-04 23:03:30.871985,0.5836949088145259,98.44395599325459,98.60776091514997
2025-10-05 23:03:30.871985,0.34104060318220725,99.65203870803047,98.57307037505812
2025-10-06 23:03:30.871985,0.5961534701133309,99.10851365889522,98.99746766866933
2025-10-07 23:03:30.871985,0.6236107474286249,97.6047554801515,98.97771425941941
2025-10-08 23:03:30.871985,0.6735045070803661,97.30422838743452,99.09364200535015
2025-10-09 23:03:30.871985,0.5514848043934651,96.93274671287618,98.79237791309093
2025-10-10 23:03:30.871985,0.4641632902190144,96.93200855098338,98.59185845423927
2025-10-11 23:03:30.871985,0.6444206684783471,97.18500660571357,98.54616664139955
2025-10-12 23:03:30.871985,0.8226457516693992,97.50184324828253,98.33924688405807
2025-10-13 23:03:30.871985,0.649819861054705,98.0411547453089,98.83358732969026
2025-10-14 23:03:30.871985,0.4496175167458,96.89636135544202,99.00202479144941
2025-10-15 23:03:30.871985,0.4127636809498965,96.41398141495502,99.07926124151483
2025-10-16 23:03:30.871985,0.554301134615949,97.38955855764384,99.10465937893281
2025-10-17 23:03:30.871985,0.7489878297761954,98.15149683357619,99.13838093795539
2025-10-18 23:03:30.871985,0.5307604461793048,99.44872243097934,99.08674055587805
2025-10-19 23:03:30.871985,0.6906678479779265,99.05598652158426,98.81260338650448
2025-10-20 23:03:30.871985,0.4206989639183969,97.9802433897623,98.83128614356694
2025-10-21 23:03:30.871985,0.6051735633765055,97.40232565186153,99.29561964935948
2025-10-22 23:03:30.871985,0.406520734556399,96.17026363563737,99.34492996856822
2025-10-23 23:03:30.871985,0.6998905743260685,97.57050899871119,99.60545683401045
2025-10-24 23:03:30.871985,0.7643559610636345,97.57578906385287,99.47533589537534
2025-10-25 23:03:30.871985,0.8794602822838605,98.53420842477851,99.58495069561441
2025-10-26 23:03:30.871985,0.6071152099069143,97.54165532570984,99.49029544639774
2025-10-27 23:03:30.871985,0.3085538322445888,97.6663449175564,99.05477664241039
2025-10-28 23:03:30.871985,0.14004760116266438,97.51755592010107,98.88445173359197
2025-10-29 23:03:30.871985,0.366005041139807,98.22819396555876,98.75224950989701
2025-10-30 23:03:30.871985,0.6390269619323892,97.92421471947455,98.71683220181097
2025-10-31 23:03:30.871985,0.8032910977862763,97.32260716385368,98.58433254281476
2025-11-01 23:03:30.871985,0.5263764912849903,97.00382318189479,98.4027918899779
2025-11-02 23:03:30.871985,0.3268247056597817,96.54745540265209,98.77116766422398
2025-11-03 23:03:30.871985,0.4217910999166952,97.41784071576126,98.98423636784143
2025-11-04 23:03:30.871985,0.7395172995295715,96.71090119199035,99.07893573227365
2025-11-05 23:03:30.871985,0.8901436536823154,96.51402032406635,99.14708415430839
2025-11-06 23:03:30.871985,0.6345178872186328,96.33362762719086,99.06266942487714
2025-11-07 23:03:30.871985,0.4583927762738971,96.65696252463992,99.35034793781959
2025-11-08 23:03:30.871985,0.2765977688354953,97.61472015955597,99.38138329967224
2025-11-09 23:03:30.871985,0.2120312350887801,97.83173488388543,99.65637854354513
2025-11-10 23:03:30.871985,0.13750195667075749,98.33509945731987,99.39303936348922
2025-11-11 23:03:30.871985,0.12898783817505444,97.28475795546875,99.37158092247472
2025-11-12 23:03:30.871985,0.4037970480510073,97.27986486295895,99.23988451749817
2025-11-13 23:03:30.871985,0.5992653425316704,97.03879299300358,99.18342532785952
2025-11-14 23:03:30.871985,0.6995048555749106,97.30299168957764,99.11093548353199
2025-11-15 23:03:30.871985,0.5559418875896149,96.24817212553796,99.19683316721726
2025-11-16 23:03:30.871985,0.34793057462842003,97.11066248057567,99.63036593434515
2025-11-17 23:03:30.871985,0.5010898068236153,98.1646743424444,99.48544241865405
2025-11-18 23:03:30.871985,0.5091916043592435,99.05303626708228,99.44281979984265
2025-11-19 23:03:30.871985,0.7065845785826607,98.17655459597364,99.31090931941593
2025-11-20 23:03:30.871985,0.43836996667346134,98.31109127028363,99.4527281159322
2025-11-21 23:03:30.871985,0.3426200075291359,97.65560287667749,99.31693201011115
2025-11-22 23:03:30.871985,0.34657703313305493,97.3218209070652,98.81871909212397
2025-11-23 23:03:30.871985,0.4212408777968098,96.98621690766105,98.44959403369307
2025-11-24 23:03:30.871985,0.5151840393778916,97.88521338532543,98.35489720436259
2025-11-25 23:03:30.871985,0.27461686051738265,98.72738046506278,98.54220022505433
2025-11-26 23:03:30.871985,0.21757648751972514,98.00415876154288,98.5468635100054
2025-11-27 23:03:30.871985,0.32376712468236724,97.65829723080287,98.56598868955903
2025-11-28 23:03:30.871985,0.568508997967048,96.92853601427396,98.41502368430866
2025-11-29 23:03:30.871985,0.7609745964050849,97.9401394185751,98.54229574730454
2025-11-30 23:03:30.871985,0.7731083524318031,97.90322490631486,98.37562311591752
2025-12-01 23:03:30.871985,0.6363831927575789,98.12913136691213,98.66143802888648
2025-12-02 23:03:30.871985,0.6440704564181153,97.75575089118547,98.56067556739079
2025-12-03 23:03:30.871985,0.6955768801251603,98.15622519088527,98.76381908222355
2025-12-04 23:03:30.871985,0.7900711832095423,97.63760773598936,99.04529049732662
2025-12-05 23:03:30.871985,0.7824641180250111,97.96507955240243,99.22623772989897
2025-12-06 23:03:30.871985,0.6719282625134925,98.04331592917659,99.24453598490157
2025-12-07 23:03:30.871985,0.7069977473502584,97.94276800193784,99.08998948086986
2025-12-08 23:03:30.871985,0.7532265839263211,97.04850568025631,99.30872399091338
2025-12-09 23:03:30.871985,0.8105171875773535,96.74573277235724,99.0430250510392
2025-12-10 23:03:30.871985,0.8268929128599273,97.24446378763447,98.59947971361107
2025-12-11 23:03:30.871985,0.8423683952864628,97.72930037578277,98.42271837546656
2025-12-12 23:03:30.871985,0.739038967669568,97.58865337421302,98.69630490464762
2025-12-13 23:03:30.871985,0.6464898703001442,98.00325124338038,98.81350617517482
2025-12-14 23:03:30.871985,0.5255468701527733,97.58092932659751,98.84931003616275
2025-12-15 23:03:30.871985,0.6897238508521376,98.05772558886316,98.63718084037077
2025-12-16 23:03:30.871985,0.7390233353320431,98.14044694853163,98.59506586321827
2025-12-17 23:03:30.871985,0.6230580293657094,97.55167195231492,98.48892436969375
2025-12-18 23:03:30.871985,0.5512658433577343,96.82965564601712,98.47830568139454
2025-12-19 23:03:30.871985,0.634157584453909,95.90524926390015,98.79010903003906
2025-12-20 23:03:30.871985,0.8591544665793692,96.65814626354695,99.11849798838318
2025-12-21 23:03:30.871985,0.7413850484079271,96.34783431088836,99.49319697285468
2025-12-22 23:03:30.871985,0.4530617308223615,96.25816594268906,99.18830776356096
2025-12-23 23:03:30.871985,0.2656576629284379,95.7991190898362,98.80714139155153
2025-12-24 23:03:30.871985,0.15482918277701838,95.9435364758843,98.79093916415128
2025-12-25 23:03:30.871985,0.2883765715676228,95.8477402607321,99.25136698342426
2025-12-26 23:03:30.871985,0.49652645679469903,96.01052433685767,99.71949519307549
2025-12-27 23:03:30.871985,0.4820122504338495,96.6885874569922,99.78644530826547
2025-12-28 23:03:30.871985,0.3519568438106316,97.97037053446981,99.3134715426382
2025-12-29 23:03:30.871985,0.26730343063073664,98.62187721932338,99.16295228479468
2025-12-30 23:03:30.871985,0.5135103513614924,98.12725796348322,98.93880669446798
2025-12-31 23:03:30.871985,0.6545640085958704,97.52737982277121,99.17370245193452
2026-01-01 23:03:30.871985,0.7422425354315999,97.39349306366451,98.99997788474748
2026-01-02 23:03:30.871985,0.6105316557778161,98.12088011759629,99.19032554775673
2026-01-03 23:03:30.871985,0.44545858945868594,97.91639894182067,99.31615075805767
2026-01-04 23:03:30.871985,0.23822551199149503,97.85964195903789,99.14174165794992
2026-01-05 23:03:30.871985,0.38389518466893335,97.42595256518435,98.96314983253596
2026-01-06 23:03:30.871985,0.6617451073761995,97.34463426412317,98.80717279484575
2026-01-07 23:03:30.871985,0.7473002132537889,97.07757465862068,99.25204328395802
2026-01-08 23:03:30.871985,0.6994510817266368,96.26763300974578,99.19508487893661
2026-01-09 23:03:30.871985,0.4184024667887576,96.9944075158207,99.32616271754091
2026-01-10 23:03:30.871985,0.46784138113659063,97.41138020299121,99.11296663931223
2026-01-11 23:03:30.871985,0.5135467759891639,98.56098082463423,99.34373623692683
2026-01-12 23:03:30.871985,0.7804824687558117,98.75272348536215,99.15791677608615
2026-01-13 23:03:30.871985,0.7567946109662532,98.28313234982993,99.37350643869314
2026-01-14 23:03:30.871985,0.6551790564632118,98.25724781348526,99.41035703789457
2026-01-15 23:03:30.871985,0.5815751981751582,97.58314483231192,99.59970722338062
2026-01-16 23:03:30.871985,0.6424635960773363,97.8951267526533,99.34340118060881
2026-01-17 23:03:30.871985,0.7296659078573938,98.29352052111238,99.40920329387575
2026-01-18 23:03:30.871985,0.535273877280302,98.65583190638127,99.38022144131861
2026-01-19 23:03:30.871985,0.4226498907621177,98.28288643025589,99.22205070886191
2026-01-20 23:03:30.871985,0.4653129646170249,97.46261754835314,98.94855075580979
2026-01-21 23:03:30.871985,0.4986090612381691,96.67346296020527,98.83838317621222
2026-01-22 23:03:30.871985,0.5467374716544802,96.32176640071255,99.10273688901493
2026-01-23 23:03:30.871985,0.5411287039165406,96.5418304975911,98.84164870231872
2026-01-24 23:03:30.871985,0.6882489892159566,97.5899190057262,98.74275221925798
2026-01-25 23:03:30.871985,0.5692515130277706,98.05085370945274,98.6562650540937
2026-01-26 23:03:30.871985,0.4277303203292686,98.60442394386435,98.96978168279877
2026-01-27 23:03:30.871985,0.5296874791385853,97.96628823725183,99.32195231000973
2026-01-28 23:03:30.871985,0.49396627965008294,97.74678283908308,99.4833692051236
2026-01-29 23:03:30.871985,0.49679381398318617,96.80393699162158,99.392901771224
2026-01-30 23:03:30.871985,0.25765582894484307,96.79539552640775,99.04241732979419
2026-01-31 23:03:30.871985,0.4556409063138325,96.54045377701134,98.72310472233472
2026-02-01 23:03:30.871985,0.5934188348822579,97.08713112355406,98.9783634414931
2026-02-02 23:03:30.871985,0.7413557083281876,96.95654195546895,99.19630013044248
2026-02-03 23:03:30.871985,0.5879052095455034,96.92055807234397,99.39175110572835
2026-02-04 23:03:30.871985,0.5300925464795153,95.87843864238137,99.39239253961735
2026-02-05 23:03:30.871985,0.5596242386395546,95.46113492413342,99.08250718536783
2026-02-06 23:03:30.871985,0.7711633395873251,95.57179753843447,99.22232960275034
2026-02-07 23:03:30.871985,0.7537348117330079,96.09501153618329,99.13672863972947
2026-02-08 23:03:30.871985,0.8067244740576777,96.05033224947918,99.25224007887584
2026-02-09 23:03:30.871985,0.49664608286763046,97.23872251764226,99.00600577689222
2026-02-10 23:03:30.871985,0.5273098544088897,97.52729823607507,98.90133291747962
2026-02-11 23:03:30.871985,0.4755947887036441,98.91600716794407,99.14961655842752
2026-02-12 23:03:30.871985,0.7539585773316423,98.33556340254688,99.29180903366034
2026-02-13 23:03:30.871985,0.8478534583900865,97.77297413420145,99.5378671861938
2026-02-14 23:03:30.871985,0.7148230395562484,97.83288537184558,99.63316707283401
2026-02-15 23:03:30.871985,0.5353102916128397,97.1393478814332,99.26340478901194
2026-02-16 23:03:30.871985,0.4308384693248333,96.87073594666386,99.05384081247905
2026-02-17 23:03:30.871985,0.5620220483076998,96.58177460351858,98.86429542725831
2026-02-18 23:03:30.871985,0.46430363437983146,97.97241252364847,99.40480657346274
2026-02-19 23:03:30.871985,0.5458658785038946,99.32494743235515,99.33496341479326
2026-02-20 23:03:30.871985,0.523226890529593,99.7283747910778,99.28857948394874
2026-02-21 23:03:30.871985,0.6721920323585989,98.93187457302275,98.7616725835826
2026-02-22 23:03:30.871985,0.5191112087622987,97.5503845205214,99.01521918943229
2026-02-23 23:03:30.871985,0.5262214106115053,95.95338615960345,99.19112726584437
2026-02-24 23:03:30.871985,0.522854613828974,96.30318472557923,99.36111052328685
2026-02-25 23:03:30.871985,0.43939400419363345,97.53674155177949,98.98982790370685
2026-02-26 23:03:30.871985,0.5559585146935352,98.43370581498755,98.90568365039633
2026-02-27 23:03:30.871985,0.7002754561536867,97.9113861277001,99.30164695614731
2026-02-28 23:03:30.871985,0.9264424632502916,98.12259632122061,99.52491173274309
2026-03-01 23:03:30.871985,0.8366136351442538,98.56178919622916,99.37787050826398
2026-03-02 23:03:30.871985,0.6975030417459608,98.15514530993717,99.04085935588408
2026-03-03 23:03:30.871985,0.4710110296017999,97.86110319217168,98.61714258494953
2026-03-04 23:03:30.871985,0.4378660339057756,97.87854851819627,98.96014449970194
2026-03-05 23:03:30.871985,0.47952590913517695,98.04564062699808,99.09865260391047
2026-03-06 23:03:30.871985,0.5273615664332585,98.28000050747835,99.16346908032203
2026-03-07 23:03:30.871985,0.4642559722916331,97.7191122730116,99.11311075945771
2026-03-08 23:03:30.871985,0.4616733292344195,98.75659815727592,99.03699083247967
2026-03-09 23:03:30.871985,0.4603831833918788,97.73340950701709,99.31010975656142
2026-03-10 23:03:30.871985,0.46713176527690187,97.3854056759768,98.87278027279054
2026-03-11 23:03:30.871985,0.4799501710627574,96.94489524390174,98.56464524495523
2026-03-12 23:03:30.871985,0.6131684064475396,97.5133603005343,98.50556359238959
2026-03-13 23:03:30.871985,0.6937309046500948,97.05510151184507,98.72239264395385
2026-03-14 23:03:30.871985,0.7714604835707642,96.78664774090403,99.00745917009971
2026-03-15 23:03:30.871985,0.7438311567950205,96.40994967895199,98.98912092130759
2026-03-16 23:03:30.871985,0.7089766695791583,96.80077143407719,99.09251355925096
2026-03-17 23:03:30.871985,0.45529401657110874,96.27588270648421,99.27296932557438
2026-03-18 23:03:30.871985,0.49187813852194107,96.63821737736687,99.2543818958648
2026-03-19 23:03:30.871985,0.35900737678812417,97.62656793787312,99.09228373108772
2026-03-20 23:03:30.871985,0.6288689744827848,97.81563802518532,98.73356784963623
2026-03-21 23:03:30.871985,0.5875069798408289,97.89722235030185,98.76610448219695
2026-03-22 23:03:30.871985,0.5439890654150495,96.56274995688118,98.49651226797936
2026-03-23 23:03:30.871985,0.416909371825148,97.60163893529692,98.38480538881335
2026-03-24 23:03:30.871985,0.4254785708964166,96.61215477427095,98.10149806043967
2026-03-25 23:03:30.871985,0.5100113539530216,98.02581076587971,98.69111722356796
2026-03-26 23:03:30.871985,0.3282744405520435,98.15030968365976,99.21075353840273
2026-03-27 23:03:30.871985,0.25583058546886156,99.51744845345958,99.1872106249305
2026-03-28 23:03:30.871985,0.3135091305368037,99.48603572395058,98.950408371992
2026-03-29 23:03:30.871985,0.6248435050368752,99.35995874294383,98.62825856216269
2026-03-30 23:03:30.871985,0.5932065484842018,98.94060122862334,98.84694316378231
2026-03-31 23:03:30.871985,0.7328666667480808,98.42175560300008,99.01159870368633
2026-04-01 23:03:30.871985,0.7358171053541533,97.45229964425027,98.91787226825052
2026-04-02 23:03:30.871985,0.9285616167832703,97.35713862873394,98.99236861462187
2026-04-03 23:03:30.871985,0.8758860041755924,97.1767167904818,98.698404456906
2026-04-04 23:03:30.871985,0.7041680464964172,96.8384203483426,98.95192296380269
2026-04-05 23:03:30.871985,0.4920400465494548,96.78843565807897,99.03408890223982
2026-04-06 23:03:30.871985,0.5739531719388155,97.3081434548153,98.84853417483482
2026-04-07 23:03:30.871985,0.5793807002420391,98.11667058089081,98.67904943244203
2026-04-08 23:03:30.871985,0.7351342363563628,97.62761153756908,98.45557482902366
2026-04-09 23:03:30.871985,0.5684120174134076,97.90839329407662,98.75487354946976
2026-04-10 23:03:30.871985,0.7422280422951487,97.4857040982626,98.88357546059397
2026-04-11 23:03:30.871985,0.8093493905021245,98.54000137082936,98.96342761927622
2026-04-12 23:03:30.871985,0.6861001649256634,97.04147114286916,98.9358905209388
2026-04-13 23:03:30.871985,0.4271902611785115,96.76691671694995,99.20747823545423
2026-04-14 23:03:30.871985,0.11479257004282316,96.23103336858078,99.58095663134111
2026-04-15 23:03:30.871985,0.2670640820960293,96.5333460752384,99.59142576292061
2026-04-16 23:03:30.871985,0.2202158484177665,96.95415637213871,99.2895789133138
2026-04-17 23:03:30.871985,0.45101459496780655,96.95473175625109,98.77094178538958
2026-04-18 23:03:30.871985,0.3282264935618729,97.87368761789257,99.05398469531393
2026-04-19 23:03:30.871985,0.5295639837562075,98.49061956625269,98.76794445797422
2026-04-20 23:03:30.871985,0.4051861624894282,99.18905400853559,99.22781291524613
2026-04-21 23:03:30.871985,0.5677459766857385,98.386743435482,99.11760551243391
2026-04-22 23:03:30.871985,0.5069823132739969,97.43363868786604,99.71162833163932
2026-04-23 23:03:30.871985,0.696545852835042,96.61636580622057,99.30473133362837
2026-04-24 23:03:30.871985,0.7572211386914804,97.0161130299312,98.78925171771773
2026-04-25 23:03:30.871985,0.6224762778420826,96.85896769805913,98.42869401871913
2026-04-26 23:03:30.871985,0.3652476019299133,96.74569649720392,98.57785843692348
2026-04-27 23:03:30.871985,0.4086444413784462,96.0781055371056,98.62483659851851
2026-04-28 23:03:30.871985,0.5373612471318209,96.35269484774915,98.77214182842681
2026-04-29 23:03:30.871985,0.7351492213503149,95.6835938824994,99.0717099485906
2026-04-30 23:03:30.871985,0.7316854370441096,96.37509999349817,99.66840555315547
2026-05-01 23:03:30.871985,0.6016572678342624,96.30123243399447,99.74428295058493
2026-05-02 23:03:30.871985,0.6402055741377408,96.38870065935127,99.77520087778181
2026-05-03 23:03:30.871985,0.3384668573315525,97.05100160316734,99.20836294587866
2026-05-04 23:03:30.871985,0.6104592211022767,97.9531994882022,99.10593659612415
2026-05-05 23:03:30.871985,0.362099414463075,98.35963129121751,98.58553198163918
2026-05-06 23:03:30.871985,0.338387787424467,97.05781780039507,99.05746320781282
2026-05-07 23:03:30.871985,0.3011032537961183,97.24401234512202,98.80357157652543
2026-05-08 23:03:30.871985,0.2922353899204493,98.36693456080076,99.28907510375568
2026-05-09 23:03:30.871985,0.5068439621438282,98.8822322141005,99.2542925918927
2026-05-10 23:03:30.871985,0.46496097167441364,98.64438387304405,99.18649935395183
2026-05-11 23:03:30.871985,0.6877987466108411,98.28904469150888,99.22674915228015
2026-05-12 23:03:30.871985,0.7816700223143894,98.1376039176995,99.3321020776951
2026-05-13 23:03:30.871985,0.897270530930162,98.15816233741846,99.76300713173288
2026-05-14 23:03:30.871985,0.9203527101060631,98.18300033125477,99.34431759489512
2026-05-15 23:03:30.871985,0.728821451504685,98.59544176263181,99.08709113562192
2026-05-16 23:03:30.871985,0.5172514601781874,98.43877651074335,99.17073087449957
2026-05-17 23:03:30.871985,0.2699089978804244,97.99621717276791,99.53359026026033
2026-05-18 23:03:30.871985,0.3639927540033337,98.52877360088706,99.63769567132697
2026-05-19 23:03:30.871985,0.35001563509866024,98.12118374920563,99.68787205436088
2026-05-20 23:03:30.871985,0.545371645371389,98.62170483106424,99.43288471762189
2026-05-21 23:03:30.871985,0.6237056184078168,97.22935072262051,99.61755293030876
2026-05-22 23:03:30.871985,0.5438089789472141,97.58566900747275,99.45712999227652
2026-05-23 23:03:30.871985,0.4485658778119925,96.48184732623265,99.27988868959544
2026-05-24 23:03:30.871985,0.22707055326308345,96.37499031893564,99.06609970548107
2026-05-25 23:03:30.871985,0.45066694396102935,96.28750990056625,99.22410164505602
2026-05-26 23:03:30.871985,0.6439281133057478,96.65171131430331,99.25675187853938
2026-05-27 23:03:30.871985,0.8105891478018741,96.83185355047601,99.35957806511915
2026-05-28 23:03:30.871985,0.8004275249519351,96.59038715831868,98.98327291102191
2026-05-29 23:03:30.871985,0.6891454751978628,97.16916952554296,98.87816251019319
2026-05-30 23:03:30.871985,0.4526511340358807,98.50543897237931,98.46382896011596
2026-05-31 23:03:30.871985,0.43304868228364435,98.45835820668223,98.62699666382605
2026-06-01 23:03:30.871985,0.3638397763686794,98.61131794415066,98.75757139243258
2026-06-02 23:03:30.871985,0.5926022572238128,97.29865642351609,98.89282149790158
2026-06-03 23:03:30.871985,0.49174176786111895,98.10607644197654,98.90048528729899
2026-06-04 23:03:30.871985,0.3751506754882306,98.1572768714982,98.74382166533724
2026-06-05 23:03:30.871985,0.37601862461101315,98.86344568038784,98.89764180516545
2026-06-06 23:03:30.871985,0.35068352269283704,98.57624081572222,98.85958405545726
2026-06-07 23:03:30.871985,0.3948471175224986,97.64684359756963,99.10977393743241
2026-06-08 23:03:30.871985,0.19745614755300397,97.92060378814448,98.78148122795183
2026-06-09 23:03:30.871985,0.29880429090074395,98.23043138959399,99.05277794963631
2026-06-10 23:03:30.871985,0.4552153994678883,98.20917336992767,98.94109339953638
2026-06-11 23:03:30.871985,0.7142755937698834,97.07234354152176,99.45113005799404
2026-06-12 23:03:30.871985,0.7583778550726622,96.11253531520288,98.96369157478132
2026-06-13 23:03:30.871985,0.6496198791815592,97.05975935396727,99.40438079389793
2026-06-14 23:03:30.871985,0.3840660038931744,97.23033891434655,98.92005868201007
2026-06-15 23:03:30.871985,0.3744254305516516,97.68955264751621,99.11886989134224
2026-06-16 23:03:30.871985,0.46918322168106535,96.95092959024187,98.5044143795521
2026-06-17 23:03:30.871985,0.5222574442892188,97.55566483864948,98.82019817287348
2026-06-18 23:03:30.871985,0.5422409645694888,98.02171371072382,98.85799163118703
2026-06-19 23:03:30.871985,0.4624231447360976,99.00008135015867,98.9591293316643
2026-06-20 23:03:30.871985,0.6402019140316811,98.18089004547289,98.98050355390454
2026-06-21 23:03:30.871985,0.40751376194974237,96.9810005793848,98.59079490461743
2026-06-22 23:03:30.871985,0.46669024808448983,96.76406337954857,99.10718911575763
2026-06-23 23:03:30.871985,0.43201792705256503,97.75137734799075,98.90309507398531
2026-06-24 23:03:30.871985,0.4395222321261889,97.73953665527104,99.19134846193758
2026-06-25 23:03:30.871985,0.5373292563578183,97.10330093087708,99.04237934654692
2026-06-26 23:03:30.871985,0.5689101723016816,96.31875689342644,99.23287810386819
2026-06-27 23:03:30.871985,0.5576995955588541,97.46088105802956,99.54344255007693
2026-06-28 23:03:30.871985,0.32798755959788756,97.80528071497183,99.15931975693923
2026-06-29 23:03:30.871985,0.362969778031311,98.63389684426595,99.33386176841243
2026-06-30 23:03:30.871985,0.39249576418035753,97.59160286291755,98.9266456895654
2026-07-01 23:03:30.871985,0.4489077645082576,97.7160995240564,99.39913769779692
2026-07-02 23:03:30.871985,0.16405885610527626,96.95095990881634,99.07448727755087
2026-07-03 23:03:30.871985,0.12384182803781847,96.80331744363463,99.11451633076076
2026-07-04 23:03:30.871985,0.018209949465529753,97.02485720929543,98.92575270143384
2026-07-05 23:03:30.871985,0.2771307322590019,97.7651773164625,99.25287601000865
2026-07-06 23:03:30.871985,0.576072797746837,97.8998910245756,99.64105447160314
2026-07-07 23:03:30.871985,0.7830461433461778,96.79691823335729,99.86544804943685
2026-07-08 23:03:30.871985,0.766780229911054,96.39742131184403,99.43606848685438
2026-07-09 23:03:30.871985,0.7358734686696291,97.44925478897562,99.10959940029043
2026-07-10 23:03:30.871985,0.5466139793299515,97.48434487080982,98.81032842462413
2026-07-11 23:03:30.871985,0.5614262066676924,98.17313158185243,98.97800756318678
2026-07-12 23:03:30.871985,0.3082225953791229,97.36218330720654,99.17817464810695
2026-07-13 23:03:30.871985,0.541595638386446,98.48926548617567,99.32444159275629
2026-07-14 23:03:30.871985,0.38477544606845204,97.78554915025215,99.21860012965199
2026-07-15 23:03:30.871985,0.39456242561396176,98.43051096200766,98.96669512723865
2026-07-16 23:03:30.871985,0.32565560776571684,98.50102707137758,98.58894130789115
2026-07-17 23:03:30.871985,0.4656303168284908,99.34882648408222,98.89025015410084
2026-07-18 23:03:30.871985,0.5501740134718479,99.01325231224956,98.78977524433564
2026-07-19 23:03:30.871985,0.4635596285846673,97.61119101610757,99.23004697172364
2026-07-20 23:03:30.871985,0.407762621333885,96.61125450079851,98.99955909728288
2026-07-21 23:03:30.871985,0.30306045348398064,96.45691246945006,99.33730141733925
2026-07-22 23:03:30.871985,0.25869327796719394,96.2351941502839,98.9877470712238
2026-07-23 23:03:30.871985,0.37882984238449513,96.33861615261783,99.02884971028942
2026-07-24 23:03:30.871985,0.5506143505600364,96.69391010438153,98.61805723864637
2026-07-25 23:03:30.871985,0.5395315436220317,97.8555724651247,98.79046243825051
2026-07-26 23:03:30.871985,0.3416608103320018,98.40397375678907,99.06681701175584
2026-07-27 23:03:30.871985,0.27167744227810414,98.46436170938942,99.19810532594435
2026-07-28 23:03:30.871985,0.27604392013228296,98.33100459437952,99.47737408573612
2026-07-29 23:03:30.871985,0.367875898946322,98.27664853887761,99.15829152761442
2026-07-30 23:03:30.871985,0.39976076486966167,98.0429661313086,99.44531551878038
2026-07-31 23:03:30.871985,0.5730151260920372,97.5684888037374,99.42198975157119
2026-08-01 23:03:30.871985,0.5387162006912956,96.78675765510228,99.55198169761225
2026-08-02 23:03:30.871985,0.5361713568881896,96.96129187220826,99.41351269532917
2026-08-03 23:03:30.871985,0.5601396198131818,97.79609780573622,99.45850894524716
2026-08-04 23:03:30.871985,0.679132377054199,98.7701583536189,99.379704036813
2026-08-05 23:03:30.871985,0.6992763959383511,98.08456711051207,99.51327401012115
2026-08-06 23:03:30.871985,0.571403764223697,97.61757370494587,99.40529721594423
2026-08-07 23:03:30.871985,0.3655925926072207,97.08178016913048,99.6949741437989
2026-08-08 23:03:30.871985,0.2167513957687913,96.71028488253097,99.4322972250409
2026-08-09 23:03:30.871985,0.29531911238185354,97.4478682385264,99.40155209359375
2026-08-10 23:03:30.871985,0.4856879813625424,98.2591889543685,98.82748255542971
2026-08-11 23:03:30.871985,0.623007519606008,99.6890743624585,99.05528003735566
2026-08-12 23:03:30.871985,0.7440141080758593,99.36283262354995,98.79442812148045
2026-08-13 23:03:30.871985,0.6187298124137479,99.31422661512532,98.83458567447265
2026-08-14 23:03:30.871985,0.7570684271147842,98.25553539502069,98.53873487338927
2026-08-15 23:03:30.871985,0.729590874021178,97.74003524822064,98.57440696613664
2026-08-16 23:03:30.871985,0.8232595599433917,96.48595341639454,98.85236770061664
2026-08-17 23:03:30.871985,0.8322645683352702,97.70836283668184,99.10662025829055
2026-08-18 23:03:30.871985,0.5820827061337538,97.76056516064602,98.9986711984116
2026-08-19 23:03:30.871985,0.44333400723556055,97.56761415691017,99.11926225520985
2026-08-20 23:03:30.871985,0.382530772433761,97.46893496414208,99.0508660747369
2026-08-21 23:03:30.871985,0.4549928023372436,96.74805210998134,99.0834244666317
2026-08-22 23:03:30.871985,0.4097228004994817,97.6278428156882,98.69929904284051
2026-08-23 23:03:30.871985,0.44327492320376355,96.62402186175774,98.86329448294377
2026-08-24 23:03:30.871985,0.44643931925237784,97.78483940516827,98.82670352412747
2026-08-25 23:03:30.871985,0.4338777360030537,97.27211680195597,99.06878402668416
2026-08-26 23:03:30.871985,0.25199959621502266,98.04808399479286,98.6136327659198
2026-08-27 23:03:30.871985,0.2567163628830471,98.047695713989,98.49681615093532
2026-08-28 23:03:30.871985,0.4666065010639526,98.46878258599827,98.32477959425755
2026-08-29 23:03:30.871985,0.47499479904891223,97.47704136281675,98.93426616187514
2026-08-30 23:03:30.871985,0.6324413161612604,97.55988370146304,99.00234990718253
2026-08-31 23:03:30.871985,0.5214919825391685,98.25487133488137,98.94606009643184
2026-09-01 23:03:30.871985,0.6577804096929594,98.97482981048849,98.3427073430575
2026-09-02 23:03:30.871985,0.4578874266868418,98.06592137346603,98.66227188192074
2026-09-03 23:03:30.871985,0.553054468164288,97.67492438093292,98.61394328415685
2026-09-04 23:03:30.871985,0.3426657006575469,96.83175090871678,98.65978432998912
2026-09-05 23:03:30.871985,0.47283779091765216,97.41960832100568,98.76827116650334
2026-09-06 23:03:30.871985,0.2663380879525469,96.83835204363697,98.69865344246064
2026-09-07 23:03:30.871985,0.31861358246118615,97.81001253809812,98.63344378334016
2026-09-08 23:03:30.871985,0.27897646394972714,97.12516782648747,98.1680417919924
2026-09-09 23:03:30.871985,0.40714848673322673,97.73010447115193,98.6926120399845
2026-09-10 23:03:30.871985,0.41011224127892293,97.9152182830659,99.30412270546196
2026-09-11 23:03:30.871985,0.39954301615897975,97.8152581350796,99.62044859013872
2026-09-12 23:03:30.871985,0.45670307835722035,97.5153464170679,99.14695832904575
2026-09-13 23:03:30.871985,0.694680370604465,96.74003741240976,98.77062345798963
2026-09-14 23:03:30.871985,0.855207522873512,97.95091815205764,98.9661456530909
2026-09-15 23:03:30.871985,0.8371132125153368,97.70532854865009,99.49248915371169
2026-09-16 23:03:30.871985,0.6607262461323861,98.51133187558885,99.61433210749904
2026-09-17 23:03:30.871985,0.5623541991604325,97.31432388957153,99.32206973994926
2026-09-18 23:03:30.871985,0.4323107667645285,98.31815424267897,99.15847858030939
2026-09-19 23:03:30.871985,0.6123959000417828,97.8469687530619,99.26421431074425
2026-09-20 23:03:30.871985,0.6794788891883803,99.20420936986795,98.99054378890024
2026-09-21 23:03:30.871985,0.9389872791502039,97.68850067672331,98.66528659139108
2026-09-22 23:03:30.871985,0.9212703229073281,97.30912485809658,98.82108920632193
2026-09-23 23:03:30.871985,0.7132731039668562,96.61348314860317,99.10399086629612
2026-09-24 23:03:30.871985,0.48236481423284405,98.13691313459815,99.20849329848271
2026-09-25 23:03:30.871985,0.3890198443614901,97.98272719106474,99.15021490883758
2026-09-26 23:03:30.871985,0.4515137312700382,98.17444491449955,98.90802151220743
2026-09-27 23:03:30.871985,0.46129730075543157,97.66340519026404,99.0008923351943
2026-09-28 23:03:30.871985,0.5156752185545529,98.32171686327693,98.77047742807399
2026-09-29 23:03:30.871985,0.4398846471251993,98.82661048278253,99.3217932701093
2026-09-30 23:03:30.871985,0.4476498932136012,98.37962735275183,99.58245440954487
2026-10-01 23:03:30.871985,0.5142667714724828,97.95492362421936,99.43700225204331
2026-10-02 23:03:30.871985,0.5397116302222673,96.38225957366546,99.05358463393725
2026-10-03 23:03:30.871985,0.479757564417221,96.45509896402501,98.76182256464831
2026-10-04 23:03:30.871985,0.47567991927876446,97.18028979965298,98.91029091372724
2026-10-05 23:03:30.871985,0.6729077978665948,98.36116102398834,99.0406357678446
2026-10-06 23:03:30.871985,0.6639940903057072,98.21709693477418,99.20706166027095
2026-10-07 23:03:30.871985,0.5913019720689682,98.49554440786291,99.21466387597333
2026-10-08 23:03:30.871985,0.5610671006003104,97.75511567817385,99.38591637528047
2026-10-09 23:03:30.871985,0.7256927314656533,97.35620733388647,99.58648971960083
2026-10-10 23:03:30.871985,0.5968225178889248,95.9301900378343,99.26152368832366
2026-10-11 23:03:30.871985,0.43282057889078845,96.07437992651553,98.9924921979105
2026-10-12 23:03:30.871985,0.34335043380792013,96.41412360914286,98.71775274814608
2026-10-13 23:03:30.871985,0.315528477881647,97.44637704906323,99.17748455565163
2026-10-14 23:03:30.871985,0.3523956596056426,96.84447946558784,98.93004606602523
2026-10-15 23:03:30.871985,0.5566544081620078,97.29140460516629,98.93132591523427
2026-10-16 23:03:30.871985,0.7208515730792694,96.57668230898378,98.71762052432165
2026-10-17 23:03:30.871985,0.5893570513201335,97.83498526396191,99.26923149343035
2026-10-18 23:03:30.871985,0.43870642057787235,98.07086981567109,99.13551098586754
2026-10-19 23:03:30.871985,0.23682660560371008,98.11840745798561,99.19623949979
2026-10-20 23:03:30.871985,0.5132596975609968,97.69196323137601,99.11390711203238
2026-10-21 23:03:30.871985,0.5614503526475528,96.8000888371803,98.92297078121851
2026-10-22 23:03:30.871985,0.5248656421056165,97.23439071429046,99.15282997832695
2026-10-23 23:03:30.871985,0.37077176078500806,97.7824638125926,98.93021611910031
2026-10-24 23:03:30.871985,0.2836881258009308,99.05687796523046,99.2700364978496
2026-10-25 23:03:30.871985,0.42607420324939876,98.27447105532,99.17304506531798
2026-10-26 23:03:30.871985,0.3031982772039427,97.49600302043189,99.40589071514347
2026-10-27 23:03:30.871985,0.45659770453856857,96.73195524882446,99.58533441557152
2026-10-28 23:03:30.871985,0.5194992579070148,97.78177372581952,99.32351996698543
2026-10-29 23:03:30.871985,0.5585987722648472,98.0602951886147,99.21566684376002
2026-10-30 23:03:30.871985,0.36626695955399713,98.33309683808811,98.9842411313001
2026-10-31 23:03:30.871985,0.35532454074625547,97.39151138528142,98.838194657872
2026-11-01 23:03:30.871985,0.5228928943198139,96.81532997015472,98.60145631001525
2026-11-02 23:03:30.871985,0.6013061148941482,97.14071927984135,98.60999246901912
2026-11-03 23:03:30.871985,0.41607300802768227,98.03585263886383,98.9471184518389
2026-11-04 23:03:30.871985,0.5089902146419812,97.66441291406365,99.06586353748237
2026-11-05 23:03:30.871985,0.42591940423045277,96.8952090032386,99.11141259106523
2026-11-06 23:03:30.871985,0.6469950799885441,96.86124715686799,99.12794424491786
2026-11-07 23:03:30.871985,0.39894040531722363,97.7600248769387,99.20649418303594
2026-11-08 23:03:30.871985,0.47370221408610935,98.08664718904161,99.00353450742143
2026-11-09 23:03:30.871985,0.5088761361067876,97.38717155288448,98.66164666210325
2026-11-10 23:03:30.871985,0.47946208732451173,97.56033849187638,98.92491182424749
2026-11-11 23:03:30.871985,0.32555640862896273,97.89142409739998,98.73776758679959
2026-11-12 23:03:30.871985,0.19787213416624758,97.94105710581522,99.27000795101468
2026-11-13 23:03:30.871985,0.16826494552682822,97.94385771364223,98.76640547876546
2026-11-14 23:03:30.871985,0.22748224361635452,98.13737164074551,99.33320740895094
2026-11-15 23:03:30.871985,0.25368720102273085,97.69038476186846,99.34283251889457
2026-11-16 23:03:30.871985,0.5447393309051723,97.36886136398113,99.66510572932255
2026-11-17 23:03:30.871985,0.5262567928523659,97.13654650004453,99.1024492280133
2026-11-18 23:03:30.871985,0.37287521293739223,98.00877313699829,98.97947846598576
2026-11-19 23:03:30.871985,0.09187723958381118,98.4153221043192,98.98714176186546
2026-11-20 23:03:30.871985,0.21780902043870642,98.42536204461702,99.30990099504476
2026-11-21 23:03:30.871985,0.5120764227491138,97.87333012467047,98.86826954861975
2026-11-22 23:03:30.871985,0.6933084860154489,97.91369527420908,98.62750265172666
2026-11-23 23:03:30.871985,0.6345791664654302,96.85102200431118,98.79750963086936
2026-11-24 23:03:30.871985,0.31353198195569465,97.31918166283471,98.98008819411326
2026-11-25 23:03:30.871985,0.44035486756612796,96.30455425436573,99.32132809810582
2026-11-26 23:03:30.871985,0.604796521770934,96.29622596777074,98.96134421872574
2026-11-27 23:03:30.871985,0.731837759666099,95.53301333558926,99.27258646931422
2026-11-28 23:03:30.871985,0.6531888726407367,96.73607330432579,98.77638792928116
2026-11-29 23:03:30.871985,0.39724204003599023,97.49103700638697,98.71228534386894
2026-11-30 23:03:30.871985,0.5370601032912563,98.88460997528436,98.14104016009014
2026-12-01 23:03:30.871985,0.614638569390392,98.97797978431281,98.38923693514876
2026-12-02 23:03:30.871985,0.5942492905291051,98.1274067165442,98.42721531626371
2026-12-03 23:03:30.871985,0.6369857581792008,97.42544291607616,98.44255697170577
2026-12-04 23:03:30.871985,0.6499843853408274,96.47291364925617,98.29603914463428
2026-12-05 23:03:30.871985,0.8288482130321789,96.58239037368736,98.31385143541517
2026-12-06 23:03:30.871985,0.8453326509749406,95.82664825424587,98.31221462317983
2026-12-07 23:03:30.871985,0.7426506219400234,95.35178647540975,98.7343113022519
2026-12-08 23:03:30.871985,0.7179555724830977,96.71789245181623,98.73906802427751
2026-12-09 23:03:30.871985,0.4261396411542207,97.38154627770375,99.13210781491414
2026-12-10 23:03:30.871985,0.49690647853412334,98.83628556980909,98.62016010002738
2026-12-11 23:03:30.871985,0.47678878683252296,98.76988660924049,99.1012572098385
2026-12-12 23:03:30.871985,0.46318984784523337,99.05415458910893,99.18686540963826
2026-12-13 23:03:30.871985,0.4007735866023581,98.92868753261025,99.19931008234794
2026-12-14 23:03:30.871985,0.3421086680948035,98.7674375494845,98.76682761185225
2026-12-15 23:03:30.871985,0.5296052800750329,97.87091896544683,98.9142195948125
2026-12-16 23:03:30.871985,0.45816001569353554,96.9271351933274,99.25528019520964
2026-12-17 23:03:30.871985,0.43505339051244646,95.86470087254709,99.58917433148054
2026-12-18 23:03:30.871985,0.5591245798188202,96.01587072951935,99.11827997920987
2026-12-19 23:03:30.871985,0.6849300591271725,96.67946962829389,99.00505136183308
2026-12-20 23:03:30.871985,0.6822440211511624,96.53041532491777,98.50473068284283
2026-12-21 23:03:30.871985,0.6119065093692362,96.58418182025093,98.46743705302525
2026-12-22 23:03:30.871985,0.4182248485140772,96.66012906456727,98.33499774205141
2026-12-23 23:03:30.871985,0.43130525942542297,97.53675612867164,98.80591812175918
2026-12-24 23:03:30.871985,0.4038372176373686,98.24869960633912,99.12950900249159
2026-12-25 23:03:30.871985,0.5881640150999052,98.43270932418403,99.29415840626972
2026-12-26 23:03:30.871985,0.5755489596124722,98.89420699738288,98.99511913199792
2026-12-27 23:03:30.871985,0.6562414028502763,99.05024696020784,98.78697368176476
2026-12-28 23:03:30.871985,0.6888675073808286,98.93515823126894,98.46793689695636
2026-12-29 23:03:30.871985,0.6544633185203715,98.46102855479478,98.53410507313413
2026-12-30 23:03:30.871985,0.5211353301129252,98.22930979096644,98.40345043475884
2026-12-31 23:03:30.871985,0.384835975097028,97.96383924494558,98.50696052801122
2027-01-01 23:03:30.871985,0.6594159802501333,97.0033096482368,98.71614459221136
2027-01-02 23:03:30.871985,0.7792084214340481,97.02274129647382,98.81950779351904
2027-01-03 23:03:30.871985,0.8050183635268401,97.16312829936699,99.30547225322903
2027-01-04 23:03:30.871985,0.8378193442443856,98.26449734448902,98.9471806964447
2027-01-05 23:03:30.871985,0.7975824782462624,97.43790779307533,99.26389769774669
2027-01-06 23:03:30.871985,0.9223722759151224,97.34968348968562,99.14299459887168
2027-01-07 23:03:30.871985,0.8560811305258601,96.28827030940988,99.64949174478232
2027-01-08 23:03:30.871985,0.7762363628007168,96.70185012716654,99.60965524734293
2027-01-09 23:03:30.871985,0.7772621421110305,96.17484127102239,99.62142194549226
2027-01-10 23:03:30.871985,0.6670639422883964,97.63767610285026,99.18066146803302
2027-01-11 23:03:30.871985,0.7186423063820397,98.1185947842218,98.69935407178214
2027-01-12 23:03:30.871985,0.5274292053049724,98.7522574384156,98.22584544064493
2027-01-13 23:03:30.871985,0.6216918617750977,98.08161592114077,98.67571454348872
2027-01-14 23:03:30.871985,0.4378225274378467,97.3690004202416,98.828419449793
2027-01-15 23:03:30.871985,0.4389706648286051,97.86860545917348,99.32375337260838
2027-01-16 23:03:30.871985,0.5034462237328585,97.37399989932915,98.90586452859537
2027-01-17 23:03:30.871985,0.6045572446808475,97.26424172777035,99.170014702881
2027-01-18 23:03:30.871985,0.7988521390223843,95.72853665821638,99.11580686528957
2027-01-19 23:03:30.871985,0.6323361159613898,96.12437146089489,99.13912362018709
2027-01-20 23:03:30.871985,0.5818537733847253,96.65514219142949,99.29115138897298
2027-01-21 23:03:30.871985,0.5348377218877779,97.72722513007527,99.03524739369136
2027-01-22 23:03:30.871985,0.5959765717691078,98.4134965189465,98.83015652591513
2027-01-23 23:03:30.871985,0.6339222069250432,99.31655145049008,98.35284423254677
2027-01-24 23:03:30.871985,0.6426444326763797,98.33351913353198,98.5692666113893
2027-01-25 23:03:30.871985,0.44277419276617785,97.95936952515719,98.74973590668532
2027-01-26 23:03:30.871985,0.5280235428798093,97.61517073409921,99.0666888633242
2027-01-27 23:03:30.871985,0.45982223993538013,98.9866523735016,98.81723301545249
2027-01-28 23:03:30.871985,0.7106035763114823,98.66831584420761,99.25920779684918
2027-01-29 23:03:30.871985,0.7046278446249961,97.76474542919205,98.91827978399851
2027-01-30 23:03:30.871985,0.7451685141539235,96.47488814790216,98.79720166296609
2027-01-31 23:03:30.871985,0.5751296270584122,96.86301539558474,98.53080303891291
2027-02-01 23:03:30.871985,0.6091594741330469,98.05527762959339,98.59639909514772
2027-02-02 23:03:30.871985,0.3789084301045271,98.76924453629812,98.62097137858582
2027-02-03 23:03:30.871985,0.37718042277230995,98.80069423019363,98.30162423548875
2027-02-04 23:03:30.871985,0.2578497858870839,97.67073135441501,98.71745702495254
2027-02-05 23:03:30.871985,0.239411752569227,97.23792429820047,98.71743166056149
2027-02-06 23:03:30.871985,0.24675914639110466,97.08303937522402,99.02650825176426
2027-02-07 23:03:30.871985,0.2976992351788728,98.10519664697193,98.97644950284625
2027-02-08 23:03:30.871985,0.6050834094489389,97.73761934809674,99.37897790346994
2027-02-09 23:03:30.871985,0.561179611929861,97.66902655315165,99.29792412144809
2027-02-10 23:03:30.871985,0.6476184096935357,96.83664725959211,99.17815237199248
2027-02-11 23:03:30.871985,0.3291864521049758,97.7892686041469,99.28716256452776
2027-02-12 23:03:30.871985,0.46994162768542586,97.23415753698475,99.54729733317657
2027-02-13 23:03:30.871985,0.27949610537081,97.54789102331303,99.55256546302665
2027-02-14 23:03:30.871985,0.30799274451143704,97.12439833604292,99.00817090762853
2027-02-15 23:03:30.871985,0.320443137393558,97.23208740249295,98.83731136978831
2027-02-16 23:03:30.871985,0.4691212980514869,96.60427347668652,99.07417507348784
2027-02-17 23:03:30.871985,0.51895229976538,96.05106686027342,99.49988539994486
2027-02-18 23:03:30.871985,0.4341171648743361,96.16714072964317,99.6123318684159
2027-02-19 23:03:30.871985,0.3286049212710322,95.92562197559437,99.0989758204954
2027-02-20 23:03:30.871985,0.4015514193268697,95.83987175286806,98.82194694245193
2027-02-21 23:03:30.871985,0.42250932252683016,96.77514808748299,98.6757564698227
2027-02-22 23:03:30.871985,0.51002860964342,97.0130925373902,98.94267477551115
2027-02-23 23:03:30.871985,0.5291852023049625,98.56313780456834,98.87461348128414
2027-02-24 23:03:30.871985,0.5100761939848902,97.78427692487469,98.62484129095911
2027-02-25 23:03:30.871985,0.4439165959373534,98.34971423258378,98.46639051299236
2027-02-26 23:03:30.871985,0.5440642710529905,98.32572986297659,98.870107384275
2027-02-27 23:03:30.871985,0.5174606002335301,98.99874495430795,99.21880835929223
2027-02-28 23:03:30.871985,0.5968428339233447,98.69457406362126,99.43892771365086
2027-03-01 23:03:30.871985,0.3254073519213135,97.86185101791826,99.1176636158367
2027-03-02 23:03:30.871985,0.39578237488512613,97.40167484508656,98.8574450668849
2027-03-03 23:03:30.871985,0.22875487848508932,97.4384264479799,98.99797767552771
2027-03-04 23:03:30.871985,0.4168203912304225,97.38275693022779,98.91938271313944
2027-03-05 23:03:30.871985,0.5834223603491085,97.68340277276332,99.23477583175581
2027-03-06 23:03:30.871985,0.568755903751247,97.74314019264114,98.99553080471948
2027-03-07 23:03:30.871985,0.5526082559954216,98.10603910237973,99.50494474358804
2027-03-08 23:03:30.871985,0.5351562828246812,97.10851790538133,99.2492255016528
2027-03-09 23:03:30.871985,0.8094027251220628,97.07401623226737,98.94999013987656
2027-03-10 23:03:30.871985,0.640820237265865,97.34104735313291,98.9355483675
2027-03-11 23:03:30.871985,0.5001464935604588,97.97483882090067,99.16034911533556
2027-03-12 23:03:30.871985,0.4757866644905857,98.58357984739588,99.49456599878265
2027-03-13 23:03:30.871985,0.5986333295356737,98.72320496058076,99.00646329220213
2027-03-14 23:03:30.871985,0.6031854821295526,98.48216740025248,98.70614453106522
2027-03-15 23:03:30.871985,0.47394803666246627,97.46343126135086,98.87777304740528
2027-03-16 23:03:30.871985,0.3414882184032324,96.78612692380649,98.87579435271152
2027-03-17 23:03:30.871985,0.2203903142734338,96.44714657495352,99.00257852053882
2027-03-18 23:03:30.871985,0.3741046527851715,97.09373888387688,98.85558659202415
2027-03-19 23:03:30.871985,0.581588982406951,97.78943226289323,99.35061403303742
2027-03-20 23:03:30.871985,0.7973931138345128,98.65273816308972,99.50471742933185
2027-03-21 23:03:30.871985,0.7044409254526016,98.54819615707407,99.19589957095911
2027-03-22 23:03:30.871985,0.749455297768112,97.44625163132359,98.62527726223031
2027-03-23 23:03:30.871985,0.5349989445938995,97.00510353681022,98.55758446254193
2027-03-24 23:03:30.871985,0.6260441986996347,97.30059517154216,98.73683858276843
2027-03-25 23:03:30.871985,0.37993556138908996,97.63517495859935,99.13505579558263
2027-03-26 23:03:30.871985,0.5926334578250313,98.13871538387399,98.85451897821365
2027-03-27 23:03:30.871985,0.4600902080369931,97.80113336890797,98.73053705656923
2027-03-28 23:03:30.871985,0.6182478777732769,97.31204971742285,98.64731752968902
2027-03-29 23:03:30.871985,0.35953062852164464,97.1158089980217,99.09210928807245
2027-03-30 23:03:30.871985,0.20629952532626616,97.29582933615522,99.58316228942878
2027-03-31 23:03:30.871985,0.3497183075394677,97.53002225613739,99.59718501557921
2027-04-01 23:03:30.871985,0.6439309689219965,97.95526446465401,99.65761453166563
2027-04-02 23:03:30.871985,0.883638387297815,98.30872423873495,99.62586700502561
2027-04-03 23:03:30.871985,0.694595834958789,98.51285654280838,99.56478985229906
2027-04-04 23:03:30.871985,0.6058379916493665,97.20203882335113,99.23102623429298
2027-04-05 23:03:30.871985,0.4507577009498435,96.7538458907174,98.74623134091115
2027-04-06 23:03:30.871985,0.41331601632376636,96.20467033146836,99.05886817403814
2027-04-07 23:03:30.871985,0.4026906582982546,96.99536345263198,99.35332449576619
2027-04-08 23:03:30.871985,0.4609399611107436,97.79053900104425,99.75786803633945
2027-04-09 23:03:30.871985,0.48435446339648247,99.1189646963582,99.14453599466742
2027-04-10 23:03:30.871985,0.47527808525643905,98.71977166354804,98.6081267336633
2027-04-11 23:03:30.871985,0.4364585603803704,97.29067985370683,98.50446527702582
2027-04-12 23:03:30.871985,0.42069129003957606,97.03250806473858,98.59742443428762
2027-04-13 23:03:30.871985,0.227656237185045,96.56075776736854,99.16860509056903
2027-04-14 23:03:30.871985,0.11463779528263944,96.50274886731172,99.12129806151616
2027-04-15 23:03:30.871985,0.03935455650556568,95.29568696055593,99.46037880658794
2027-04-16 23:03:30.871985,0.09046045036565477,96.41745309791168,99.16095506943087
2027-04-17 23:03:30.871985,0.22629392992940167,97.41252308606909,98.8421171980825
2027-04-18 23:03:30.871985,0.5052022706798308,98.44702490635912,98.9285207422247
2027-04-19 23:03:30.871985,0.4732887824287814,98.71416730402956,98.63020140344162
2027-04-20 23:03:30.871985,0.42531326806068903,98.67623488436271,98.72671240790883
2027-04-21 23:03:30.871985,0.2130088621380549,98.19376567478442,98.8132596495551
2027-04-22 23:03:30.871985,0.25202042729686625,97.68484639780195,99.01488764189166
2027-04-23 23:03:30.871985,0.3973292103116483,97.91680253563607,99.28166617174479
2027-04-24 23:03:30.871985,0.5304560706679458,97.60072067719591,99.00529355363956
2027-04-25 23:03:30.871985,0.49025336131234454,97.60132035597765,99.4090043497759
2027-04-26 23:03:30.871985,0.42441948812666874,97.43061819114801,99.12294564905157
2027-04-27 23:03:30.871985,0.399839788765518,98.0134695897522,99.02534002695302
2027-04-28 23:03:30.871985,0.4661836047057078,96.96751533229322,98.9753290158411
2027-04-29 23:03:30.871985,0.5654549222452215,96.0703404868555,99.11728952331127
2027-04-30 23:03:30.871985,0.4841597902016812,95.57872834836117,98.85260942804787
2027-05-01 23:03:30.871985,0.6658410110282117,96.80137134723822,98.5039377674954
2027-05-02 23:03:30.871985,0.6621937835138629,97.33585153939832,98.75983648897981
2027-05-03 23:03:30.871985,0.6428374548970841,97.04351382918492,99.21433030802278
2027-05-04 23:03:30.871985,0.3744901129917857,96.59404662518115,99.58923497929932
2027-05-05 23:03:30.871985,0.38735744670445466,95.96620824413894,99.25397566810663
2027-05-06 23:03:30.871985,0.5326637453650066,96.28231887927545,99.35864388435607
2027-05-07 23:03:30.871985,0.7765568786718253,95.9973133260233,98.94907924713063
2027-05-08 23:03:30.871985,0.5131373591709407,96.13469586166475,98.85463331071473
2027-05-09 23:03:30.871985,0.37266072342579376,96.75404636309702,98.4160081017691
2027-05-10 23:03:30.871985,0.16710191553011136,97.55022320066765,98.87802507927019
2027-05-11 23:03:30.871985,0.22146758128752272,97.8276242211986,98.9365586131621
2027-05-12 23:03:30.871985,0.27170568595039807,98.2474566815165,99.46508655202724
2027-05-13 23:03:30.871985,0.5185305734177931,98.21140637023684,99.06099833643134
2027-05-14 23:03:30.871985,0.6070368498903002,98.45727377228353,99.40592633281331
2027-05-15 23:03:30.871985,0.6349497577568239,97.07091532615493,99.05699943124779
2027-05-16 23:03:30.871985,0.3824954643229273,96.35449693089498,99.33594961589002
2027-05-17 23:03:30.871985,0.3759774042799264,95.88127906039095,99.10754331534953
2027-05-18 23:03:30.871985,0.3785846386236073,97.25762627233672,99.46600658316692
2027-05-19 23:03:30.871985,0.5467202816626949,97.57273580546114,99.19178203986024
2027-05-20 23:03:30.871985,0.6228229502802336,97.55990715389936,99.30903741814824
2027-05-21 23:03:30.871985,0.7602908224124968,96.35299979392802,99.12386301751489
2027-05-22 23:03:30.871985,0.6901320431209045,96.40030944245048,99.40846272634356
2027-05-23 23:03:30.871985,0.7428953107593824,97.59435801924208,99.49945351174387
2027-05-24 23:03:30.871985,0.6098220925258021,98.84857923554738,99.3469559479067
2027-05-25 23:03:30.871985,0.78364065908791,99.40018657431706,99.45785258073666
2027-05-26 23:03:30.871985,0.4974875199251288,98.672408960334,99.38778344598948
2027-05-27 23:03:30.871985,0.6487739464785106,98.73768725083532,99.71880653162877
2027-05-28 23:03:30.871985,0.4787626117824985,98.94172582827271,99.54254518770126
2027-05-29 23:03:30.871985,0.7824035621214503,99.65744006690257,99.48907130788064
2027-05-30 23:03:30.871985,0.5029830822930953,99.50221392793115,99.08183120322597
2027-05-31 23:03:30.871985,0.3719106079907304,98.58095212478973,98.66088751720763
2027-06-01 23:03:30.871985,0.05989263281018262,98.08908795843776,98.7316938158587
2027-06-02 23:03:30.871985,0.08675313791812818,98.30393778670191,99.00883225457729
2027-06-03 23:03:30.871985,0.29741045894894275,97.93869089593282,99.1240956061266
2027-06-04 23:03:30.871985,0.3033123449362361,97.7520953576575,98.81305402406788
2027-06-05 23:03:30.871985,0.22996626505887316,97.32129037454588,98.79040888479074
2027-06-06 23:03:30.871985,0.2188146721953066,98.50503293543375,99.29796835526815
2027-06-07 23:03:30.871985,0.43394395907950556,98.92875450669548,99.26844121853787
2027-06-08 23:03:30.871985,0.45177589979535177,98.86847250910635,98.90181755233095
2027-06-09 23:03:30.871985,0.5134942518190105,97.63424465698425,98.77561868784137
2027-06-10 23:03:30.871985,0.5793253833174115,97.86433111121151,99.00912268417756
2027-06-11 23:03:30.871985,0.6586960733206806,98.33432414154485,99.34906851514415
2027-06-12 23:03:30.871985,0.39960414512951536,98.46880416347723,99.02408871108919
2027-06-13 23:03:30.871985,0.23211023083611051,98.07915601912129,98.8782373552351
2027-06-14 23:03:30.871985,0.21778024596390633,96.99480664561206,98.4710870562772
2027-06-15 23:03:30.871985,0.4778745498123022,97.02095938825416,98.71016098170128
2027-06-16 23:03:30.871985,0.49512766900719546,96.03470527145616,99.09540308369775
2027-06-17 23:03:30.871985,0.698272588615354,96.21854678418326,99.2636589103084
2027-06-18 23:03:30.871985,0.49029564630573685,96.88993663637545,99.0500325633957
2027-06-19 23:03:30.871985,0.615153395085361,97.77397071146402,98.48994392952221
2027-06-20 23:03:30.871985,0.6029065133486493,97.95410470522727,98.61638302374227
2027-06-21 23:03:30.871985,0.7816431573223289,97.99099005295109,99.03634377609698
2027-06-22 23:03:30.871985,0.5464187265737291,97.97665092238145,99.61542312031908
2027-06-23 23:03:30.871985,0.31261484656925853,98.39836859071421,99.84025595745292
2027-06-24 23:03:30.871985,0.27025452557815083,98.82360002501922,99.47999552740794
2027-06-25 23:03:30.871985,0.5419073506475047,97.9119671586847,98.92754599653851
2027-06-26 23:03:30.871985,0.8282215368458506,97.71374733924624,98.71011750791756
2027-06-27 23:03:30.871985,0.7288599252572762,96.27721425702744,98.69976534997953
2027-06-28 23:03:30.871985,0.4727186134088952,97.32609104932764,98.94259799975623
2027-06-29 23:03:30.871985,0.31166715375975035,96.38859893336779,99.23844773227938
2027-06-30 23:03:30.871985,0.25994938562072106,97.75259802821698,99.3143481154493
2027-07-01 23:03:30.871985,0.27169221854108894,97.99081759835711,99.09297433407401
2027-07-02 23:03:30.871985,0.4084471332328703,99.32452960103068,98.66943196292475
2027-07-03 23:03:30.871985,0.5469796154649436,97.84394531836399,98.4425621631779
2027-07-04 23:03:30.871985,0.7735042973620025,97.83388019896063,98.93523010726955
2027-07-05 23:03:30.871985,0.7160261211263274,97.6856433195379,99.01355851587249
2027-07-06 23:03:30.871985,0.849835366143175,97.77977285436464,99.3442625147693
2027-07-07 23:03:30.871985,0.8237121177471164,96.86827069765171,99.03806907153728
2027-07-08 23:03:30.871985,0.8146974675300965,95.63884518253467,98.97447615843437
2027-07-09 23:03:30.871985,0.7207131328160873,96.16516310166888,98.88048717859284
2027-07-10 23:03:30.871985,0.7550603295688076,96.72574797743145,99.22395847197247
2027-07-11 23:03:30.871985,0.7698170157176744,97.79318150109759,99.05873844069525
2027-07-12 23:03:30.871985,0.5624147201142732,98.34667586503163,99.04850292873577
2027-07-13 23:03:30.871985,0.4535740653130247,97.93616736040654,98.74657319671503
